Text,label
ржкрзБрж░рзБрж╖ ржкрж╛ржЧрж▓рж╛ ржХрзБрждрзНрждрж╛?,1
"ржирж╛рж░рзА рж╣рж▓рзЛ рж╢рзЯрждрж╛ржирзЗрж░ ржЬрж╛рж▓,рж╢рзЯрждрж╛ржи рж╕ржм рж╕ржорзЯ ржнрж╛рж▓рзЛрж░ ржмрж┐ржкрж░рзАрждрзЗ ржерж╛ржХрзЗ,рж╕рзБрждрж░рж╛ржВ ржорзМрж▓рж╛ржирж╛ ржЖрж╣ржоржж рж╢ржлрж┐рж░  ржХржерж╛рж░ ржмрж┐ржкрж░рзАрждрзЗ ржерж╛ржХржмрзЗ рждрж╛рж░рж╛редржПржЬржирзНржп ржЖрж▓рзНрж▓рж╛рж╣рж░ ржиржмрзА рж░рж╛рж╕рзВрж▓( рж╕)  ржмрж▓рзЗржЫрзЗржи,рж╕ржм ржЪрж╛рзЯрждрзЗ ржмрзЗрж╢рзА ржЬрж╛рж╣рж╛ржирзНржиржорзА рж╣рж▓рзЛ ржирж╛рж░рзА ржЬрж╛рждрзАред",1
"рж╢рзЗржЦ рж╣рж╛рж╕рж┐ржирж╛ ржПржХржЯрж╛ ржкрждрж┐рждрж╛, ржПржХржЯрж╛ ржмрзЗрж╢рзНржпрж╛, ржПржХржЯрж╛ ржорж╛ржЧрж┐, ржПржХржЯрж╛ ржкрзБрж░рзБрж╖ ржмрж╛ржЬред",2
"ржЖржорж┐ ржорзЯржоржирж╕рж┐ржВрж╣ ржерж╛ржХрж┐, ржПржЗ ржорзЗрзЯрзЗ ржЯрж┐ ржХрзЗ ржЖржорж┐ ржЧрж╛ржЩрзНржЧрж┐ржирж╛ржкрж╛рзЬ ржмрзНржпрзЗрж╕рж╛ ржкрж╛рзЬрж╛рзЯ ржжрзЗржЦрзЗржЫрж┐рж▓рж╛ржо,,",1
"ржарж┐ржХрзЗржЗ ,ржР ржорзЗрзЯрзЗ ржХржд ржЦрж╛рж░рж╛ржк ржирж┐ржЬрзЗржЗ,ржкрзНрж░ржорж╛ржи ржХрж░рзЗржЪрзЗ",1
ржПрж░рж╛ ржмрзЗржЗрж╢рзНржпрж╛,1
рждрзБржЗ рждрзЛ рж╣рж┐ржЬрзЬрж╛,2
ржУржирж╛рж░рж╛ ржзрж░рзНрж╖рж┐рждрж╛ ржирзЯ! ржУржирж╛рж░рж╛ ржкрждрж┐рждрж╛ ржУ ржЕржмрзИржз рж╕рж░ржХрж╛рж░рзЗрж░ ржХрж┐ржирж╛ ржЧрзЛрж▓рж╛ржоред,2
ржмрзЗрж╕рзНржпрж╛ ржЧрзБрж▓рж┐ржЖржЧрзЗржЗ ржзрж░рзНрж╢рж┐рждрж╛рж╣рзЯрзЗ ржЧрзЗржЫрзЗ,2
рждрж╛рж░рж╛ ржпрзМржиржкрж▓рзНрж▓рж┐рждрзЗ ржЖрж╢рзНрж░рзЯ ржирж┐ржЫрзЗ,1
рждрж╛рж░рж╛ ржкрждрж┐рждрж╛рж▓рзЯрзЗ ржмрзНржпрж╕рзНржд ржЖржЫрзЗред ржпрж╛ ржмрж▓рж╛рж░ ржмрж▓рзЗ ржпрж╛ржи,1
ржПржЗ ржкрждрж┐рждрж╛ржжрзЗрж░ ржХрзЗржУ ржмрж┐ржЪрж╛рж░рзЗрж░ ржХрж╛ржЯ ржЧрзЬрж╛рзЯ ржжрж╛ржБрзЬрж╛ ржХрж░рж╛ржирзЛ рж╣рзЛржХ,2
ржзрж░рзНрж╖ржи рж╣рж▓рзЗ ржПржжрзЗрж░ ржоржЬрж╛ рж▓рж╛ржЧрзЗ ржХрж╛рж░ржг ржПрж░рж╛ржУ ржзрж░рзНрж╖рж┐рждрж╛ рждрж╛ржЗред,2
ржЖржорж╛ржжрзЗрж░ ржжрзЗрж╢рзЗ ржПржХржЯрж┐ ржкрзБрж░рзБрж╖ ржкрзНрж░рзЗрж╕рж┐ржбрзЗржирзНржЯ ржжрж░ржХрж╛рж░,2
ржкрзНрж░ржХрж╛рж╢рзНржп ржЪрж╛ржБржжрж╛ржмрж╛ржЬрж┐рж░ ржЬржирзНржп ржЕржирзЗржХ ржкрзБрж░рзБрж╖ ржУ ржПржЦржи рж╣рж┐ржЬрж░рж╛рж░ рж░рзВржк ржирж┐ржЪрзНржЫрзЗ,2
рж╕ржХрж▓ ржжрзЛрж╖рзЗрж░ ржЕржзрж┐ржХрж╛рж░рзА ржПржХржорж╛рждрзНрж░ ржирж╛рж░рзА ржЬрж╛рждрж┐,1
ржирж╛рж░рзА ржЬрж╛рждрж┐ ржЕрждрж┐ рж▓рзЛржнрзА,1
ржЦрж╛ржиржХрж┐рж░  ржорзЗрзЯрзЗ  ржПржоржи  ржорзЗрзЯрзЗржХрзЗ ржкрзБрзЬрж┐рзЯрзЗ ржорж╛рж░рж╛  ржжрж░ржХрж╛рж░,2
ржПржЗ  ржЬржирзНржпржЗ  ржмрж▓рж┐  ржорзЗрзЯрзЗрж░рж╛ ржЬрж╛ржд ржЦрж╛ржиржХрж┐  ржЕржирзНржпрзЗрж░  рж╕ржЩрзНржЧрзЗ  ржжрж▓рж╛ржжрж▓рж┐  ржХрж╛ржЬ  ржЫрж╛рзЬрж╛ржУ  ржУрж░рж╛ ржХрж░рждрзЗ  ржкржЫржирзНржж  ржХрж░рзЗ,2
ржорж╛ржЧрж┐ ржмрж┐рж╢рзНржмрж╛рж╕ ржХрзЗ ржЬрзБрждрж╛ ржорж╛рж░рж╛рж░ рж╕ржорзЯ ржПрж╕рзЗ,2
ржУрж░ ржорждрзЛ ржорж╛ржЧрж┐ржЗ ржПржЦржи ржЖржорж╛ржжрзЗрж░ ржжрзЗрж╢рзЗ ржмрзЗрж╢рж┐,2
ржмрж╛ржЬрзЗ ржорзЗрзЯрзЗ ржПржХржжржо ржирзЗржВржЯрзЛ ржирзЗржВржЯрзЛ рж╣рзЯрзЗ ржШрзБрж░рзЗ ржмрзЗрзЬрж╛рж▓рзЗ рждрзЛ ржПржоржи рж╣ржмрзЗржЗ,2
ржЫрзЗрж▓рзЗржЯрж╛рж░  ржорж░рзЗ  ржнрж╛рж▓  рж╣ржЗрж╕рзЗ  . ржПрж░ржХржо  ржЫрзЗрж▓рзЗ ржЫрзЗрж▓рзЗ  ржЬрж╛рждрж┐рж░  ржХрж▓ржЩрзНржХ  . ржпрзЗ  ржмржЙрзЯрзЗрж░   рж╣рж╛рждрзЗ   ржорж╛рж░рзН   ржЦрж╛ржЗ  ржЯрж╛рж░  рждрзЛ  ржорж░рж╛  ржЙржЪрж┐ржд,2
ржорзЗрзЯрзЗ рж░рж╛ ржмрзЗрж╢рзА ржЦрж╛рж░рж╛ржк	ржУржжрзЗрж░ ржорж╛ржерж╛рзЯ рж╕ржм ржХрзБржмрзБржжрзНржзрж┐,1
рждрзБржЗ ржЖрж╕рж▓рзЗ ржПржХржЯрж╛ ржорж╛ржЧрж┐ рждрзЛрж░ ржорждрзЛ ржорзЗрзЯрзЗ ржмрзЗржБржЪрзЗ ржерзЗржХрзЗ рж▓рж╛ржн ржирж╛ржЗ,2
ржПрж░рж╛ ржЖрж╕рж▓рзЗ ржорж╛ржЧрж┐ ржПржжрзЗрж░ ржорждрзЛ ржорж╛ржЧрж┐ ржкржерзЗ ржШрж╛ржарзЗ ржЕржирзЗржХрзЗ ржШрзБрж░рзЗ ржмрзЗрзЬрж╛рзЯ,1
ржорж╛ржЧрзАрж░ ржХрждрзЛ ржвржВ ржЯрж╛ржХрж╛рж░ рж▓рзЛржнрзЗ,2
ржЫрзЗрж▓рзЗржЯрж╛ржХрзЗ ржорзЗрзЯрзЗ рж╣рзЯрзЗ ржЬржирзНржорж╛рж▓рзЗ ржнрж╛рж▓рзЗрж╛ рж╣рждрзЗрж╛,2
ржПржЗ  ржЦрж╛ржиржХрж┐ржХрзЗ  ржЖржмрж╛рж░  ржУрж░  ржирж┐ржЬрзЗрж░  ржЬрж╛рзЯржЧрж╛рзЯ  ржкрж╛ржарж╛ржирзЛ  рж╣рзЛржХ .......,1
ржЧрж╛ржбрж╝рж┐рж░ ржнрж┐рждрж░рзЗ рж░рзЗржк ржХрж░ ржПржжрзЗрж░ ржорждрзЛ ржорзЗрзЯрзЗржжрзЗрж░ рж░рзЗржк ржХрж░рж╛ ржЙржЪрж┐ржд,2
ржУрж░рзЗ  рж╢рж╛рж▓рзА  рждрзБржЗ  ржнрж┐ржЦрж╛рж░рж┐   ржЫрж┐рж▓рж┐ржирж╛  рждрзЛ  ржХрж┐  ржЫрж┐рж▓рж┐рж░рзЗ  ржирж╛рзЯрж┐ржХрж╛  рждрзБржЗ  рждрзЛ  ржЖрж░рзЛ  ржкржБржЪрж╛ рждрзЛржХрзЗ  рж╕рж╛ржоржирзЗ  ржкрзЗрж▓рзЗ  ржЬрзБрждрж╛рж░  ржмрж╛рзЬрж┐  ржорж╛рж░ржмрзЛ,2
ржХржорзЗржирзНржЯ  ржирж╛  ржХрж░рж╛  ржкрж╛рж░рж▓рж╛ржо  ржирж╛  ржПржЗ  рж╕ржм  ржорзЗрзЯрзЗржжрзЗрж░ ржЬржирзНржорзЗрж░  ржХрзЛржирзЛ   ржарж┐ржХ  ржирж╛ржЗ   ржЫрзЛржЯ  рж▓рзЛржХ  ржПрж░  ржмрж╛ржЪрзНржЪрж╛,2
ржЖржорж╛рж░ ржкрж░рж┐ржмрж╛рж░рзЗржУ ржЖржЫрзЗ ржПржХржЯрж╛ ржбрж╛ржЗржирж┐,2
рж╕ржм ржорзЗрзЯрзЗрж░рж╛ ржЦрж╛рж░рж╛ржк ржирзЯред ржЖрж░ ржпржжрж┐ ржЦрж╛рж░рж╛ржк рж╣рзЯ рж╕рзЗржЯрж╛ рж╢рзБржзрзБ ржЫрзЗрж▓рзЗржжрзЗрж░ ржЬржирзНржп ржЦрж╛рж░рж╛ржк рж╣рзЯ,1
ржЖрж░ ржЬрж╛ржЗ рж╣рзЛржХ ржЬрж┐ржи ржХржЦржирзЛ ржмрзЗржЗржорж╛ржирж┐ ржХрж░рзЗ ржирж╛ ржпрзЗржоржи ржорж╛ рждрзЗржоржирж┐ рждрж╛рж░ ржорзЗрзЯрзЗ ржЕржХрзГрждржЬрзНржЮ,1
рж╕рж╛ржмрж╛рж╕ ржЗрж╢рж╛ржирж┐ ржЖрж░ рждрзЛрж░ ржорж╛ ржЦрж╛ржиржХрж┐ ржХрзЗ ржерзБржерзБ ржЫрж┐ржГ ржЫрж┐ржГред,2
ржПржоржи ржорзЗрзЯрзЗржжрзЗрж░ ржЖржЧрзЗ ржмрж┐ржЪрж╛рж░ рж╣ржУрзЯрж╛ ржЙржЪрж┐рждред ржмрж┐рзЯрзЗрж░ ржЖржЧрзЗ ржкрждрж┐рждрж╛рж░ ржоржд ржХрж┐ржнрж╛ржмрзЗ ржкрж░ ржкрзБрж░рзБрж╖рзЗрж░ ржХрж╛ржЪрзЗ ржХрзЗржи рж╢рж░рзАрж░ ржмрж┐рж▓рж╛рзЯред,2
рждрзЛрж░ ржЖржорзНржорж┐ржХрзЗ ржЪрзБржжрж┐ рж╕рж╛рж▓рж╛,2
ржирж╛рж░рзАрж░ ржорж░рзНржпрж╛ржжрж╛ рж╢рзБржзрзБ рждрж╛рж░ ржЧрзЛржкржирж╛ржЩрзНржЧрзЗрж░,1
рждрзЛрж░ ржорж╛ ржкрзНрж░рж╕рзНржЯрж┐ржЯрж┐ржЙрж╢ржи ржХрж░рждрзЗ ржЧрж┐рзЯрж╛ рждрзЛрж░рзЗ ржЬржирзНржо ржжрж┐рж╕рзЗ ржмрзБржЭрж╛ржЗ ржпрж╛рзЯ,2
рждрзЛрж░ ржорж╛рж░ ржмрзЛржжрж╛рж░ ржзрзНржмржВрж╕ рж╣ржмрзЗред рж╣рж╛рж▓рж╛ рждрзЛрж░ ржорж╛рж░ ржнрзБржжрж╛рж░ ржмрж┐ржЪрж╛рж░ ржХрж░ржмрзЗред,2
ржорзБржирзНржирж┐ рж╢рж╛рж╣рж╛ рж╣рж┐ржЬрж░рж╛,1
ржорзБржирзНржирж┐ рж╕рж╛рж╣рж╛рж░ ржорждрзЛ ржмрж╛ржЬрзЗ ржЖрж░ ржерж╛рж░рзНржб ржХрзНрж▓рж╛рж╕ ржорж╛рж╣рж┐рж▓рж╛рж░ ржЯржХрж╢рзЛрждрзЗ рж╣рзБржЬрзБрж░ржжрзЗрж░ ржЧрж┐рзЯрзЗ ржЕржпржерж╛ рж╕ржорзЯ ржирж╖рзНржЯред,1
ржЫрж╛ржЧрж▓ ржорж░рзНржХрж╛ ржоржЗрзЯрж╛ржбрж╛рж░ рж╕ржЩрзНржЧрзЗ ржирж╛ ржмрж╕рж▓рзЗржЗ ржнрж▓рзЛ рж╣рждрзЛ,1
рж╣рзБржЬрзБрж░ ржЖржкржирж╛рж░рж╛ ржХрж┐ ржмрзЗржХрзБржм ржмржирзЗ ржЧрзЗрж▓рзЗржи? ржПржд ржЧрзБрж░рзБрждрзНржмржкрзБрж░рзНржг ржХржерж╛ ржЧрзБрж▓рж╛ ржкрждрж┐рждрж╛рж░ ржорж╛ржзрзНржпржорзЗ ржХрзЗржи ржмрж▓рж╛ рж╣ржЪрзНржЪрзЗредржЖржкржирж╛рж░рж╛ ржХрзЗржи ржкрждрж┐рждрж╛ ржорж╛рж░рзНржХрж╛ ржЯржХрж╢рзЛрждрзЗ ржпрж╛ржи? ржпрзЗ ржирж╛рж░рж┐ ржХрзЗ ржжрзЗржЦрж▓рзЗ ржоржирзЗрж╣рзЯ ржмрж╛ржЗрж╢рзНржпрж╛редрж╕рзЗ ржЖржмрж╛рж░ ржзрж░рзНржо ржХрж░рзНржо рж╢рж┐ржЦрж╛ржЪрзНржЪрзЗред,2
ржЙрж▓ржЩрзНржЧ ржмрзЗржкрж░рзНржжрж╛ ржирж╛рж░рзА ржорзБржирзНржирж┐ рж╕рж╛рж╣рж╛рж░ ржХрзЛржи ржЕржзрж┐ржХрж╛рж░ ржирзЗржЗ ржПрж░ржХржо ржЖрж▓рзЗржоржжрзЗрж░ рж╕рж╛ржоржирзЗ ржХржерж╛ ржмрж▓рж╛рж░ ржмрзЗржпрж╝рж╛ржжржмрж┐ ржХрж░рж╛ рждрзЛ ржжрзВрж░рзЗ ржерж╛ржХ,2
ржорзБржирзНржирж┐ рж╢рж╛рж╣рж╛ рж╣рж┐ржЬрж░рж╛ рж╢рж╛рж╣рж╛,1
ржПржХржЯрж╛ ржмрж╛ржЬрзЗ ржорзЗрзЯрзЗрж░ рж╕рж╛ржерзЗ ржЯржХрж╢рзЛ ржХрж░рж╛рж░ ржпрзМржХрзНрждрж┐ржХрждрж╛ ржЦрзБржБржЬрзЗ ржкрж╛ржЗржирж╛,1
ржУ ржХрж┐ ржкрзБрж░рзБрж╖ ржирж╛ ржорж╣рж┐рж▓рж╛ ржПржЯрж╛ ржнрзЗржмрзЗ ржорж╛ржЭрзЗржорж╛ржЭрзЗ ржХржиржлрж┐ржЙржЬржб рж╣рзЯрзЗ ржпрж╛рзЯред,1
ржирж╛рж╕рзНрждрж┐ржХ ржорзБржирзНржирж┐ рж╕рж╛рж╣рж╛,1
рждрзЛржжрзЗрж░  ржорж╛  ржмрзЛржирж░рж╛  ржПрж░ржХржо  ржЪрж░рж┐рждрзНрж░рж╣рзАржи  ржмрж▓рзЗ  ржХрж┐  рж╕ржм  ржирж╛рж░рзАржХрзЗржЗ   рж╕рзЗрж░ржХржо ржнрж╛ржмрж╕ рждрзЛрж░рж╛ ?,1
ржорж╛ржжрж╛рж░ржЪрзЛржж  рж░рзЗржирзНржбрж┐  рж╢рж╛рж▓рзА рждрзЛрж░ ржХрзЛржи ржарж┐ржХрж╛ржирж╛ ржЖржЫрзЗ?,2
ржПрж╕ржм ржорж╛ржЧрж┐ржжрзЗрж░ ржХрзЗржирж╛ ржЬрзБрждрж╛ ржжрж┐ржпрж╝рзЗ ржорж╛рж░рж╛ ржЙржЪрж┐ржд ржЪрзЛржЦрзЗ ржорзБржЦрзЗ,2
"ржЦрж╛ржиржХрж┐ ржорж╛ржЧрзА рж╕ржорзЯ ржерж╛ржХрждрзЗ ржнрж╛рж▓рзЛ рж╣,, рждрж╛ ржирж╛ рж╣рж▓рзЗ рждрзЛрж░ ржнржмрж┐рж╖рзНржпрзО ржЕржирзЗржХ ржХржкрж╛рж▓ ржЦрж╛рж░рж╛ржк",1
ржмрж╛ржЬрзЗ ржорзЗрзЯрзЗред рж╣рж┐ржирзНржжрзБ ржмрж╛ржЩрж╛рж▓рж┐ ржЫрзЗрж▓рзЗ ржмрж┐рзЯрзЗ ржХрж░рзЗржирж┐,1
ржмрж╛рж▓рзЗрж░  ржорзЗрзЯрзЗржЯрж╛рж░  ржмрж╛рж▓рзЗрж░  ржорж╛  ржмрж╛ржк  .. ржжрзЗржЦрзЗ  ржЧрж╛  ржЬрзНржмрж▓рзЗ ржЧрзЗржЫрзЗ  ржЖржорж╛рж░,1
ржпрзЗржоржи  ржорж╛  рждрзЗржоржи  рждрж╛рж░  ржорзЗрзЯрзЗ ржПржжрзЗрж░ ржорждрзЛ ржорж╛ ржорзЗрзЯрзЗрж░ ржЬржирзНржп ржжрзБржирж┐рзЯрж╛ ржЦрж╛рж░рж╛ржк,2
ржорж╛ржЧрж┐рж░ ржорзБржЦрзЗ ржоржи ржЪрж╛рзЯ ржорзБрждрзЗ ржжрж┐ ржлржХрж┐ржирзНржирж┐ ржПржХржЯрж╛,2
рж╕рзБржЦрзЗрж░ рж╕ржВрж╕рж╛рж░рзЗ ржЖржЧрзБржи рж▓рж╛ржЧрж╛ржЗ ржорзЗрзЯрзЗрж░рж╛ржЗ рж▓рзЛржнрзЗред,2
ржПржжрзЗрж░  ржорждрзЛ ржЫрзЗрж▓рзЗржжрзЗрж░  ржЧрж▓рж╛рзЯ  ржкрж╛  ржжрж┐рзЯрзЗ  ржЕрж╕рзНржмрждрж┐  ржжрж┐рзЯрзЗ  ржХрж╛ржЯрж╛  ржЙржЪрж┐ржд  ржпржд  рж╕ржм  ржЬрж╛ржирзЛрзЯрж╛рж░рзЗрж░  ржжрж▓,2
"ржШржоржЯрж╛рж░ ржирзАржЪрзЗ ржХрзНрж╖рзНржпрж╛ржоржЯрж╛ ржирж╛ржЪ, ржПржЗ ржирзЛржВрж░рж╛ ржорж╣рж┐рж▓рж╛ ржХрзЗ рж╕рзЗрж▓рж┐ржмрзНрж░рж┐ржЯрж┐ ржорж╛ржирж╛рзЯ ржирж╛	",1
"ржорж╛ржжрж╛рж░ржЪрзЛржж  ржЫрзЗрж▓рзЗ ржЖрж░  ржЦрж╛ржиржХрж┐  ржорж╛ржЧрж┐  ржорзЗрзЯрзЗ  , рждрзЛрж░рж╛  ржЬрзАржмржирзЗ  ржкрзГржерж┐ржмрзАрждрзЗ  ржЖрж╕ржмрж┐  ржирж╛  ... ржХрж▓ржЩрзНржХ  ржЫрзЗрж▓рзЗ  ржорзЗрзЯрзЗ",2
ржорж╛  ржорзЗрзЯрзЗ рж╕ржмрж╛ржЗ  ржПржХржЗрж░ржХржо  ржорзЗрзЯрзЗрж░рж╛ ржЖрж╕рж▓рзЗржЗ рж▓рзЛржнрзА,2
ржорж╣рж┐рж▓рж╛ ржЯрж╛рж░ ржЦрзБржм ржЕрж╣ржВржХрж╛рж░ ржУрж░рзЗ рж░рж╛рж╕рзНрждрж╛рзЯ ржлрзЗрж▓рзЗ рж░рж╛ржЦрж╛рзЯ ржнрж╛рж▓рзЛ,1
ржУрж╣ ржЧржб  ржЖрж░  ржерж╛ржХрзЗ  рждрзБржорж┐  ржПржЗ  ржУрзЯрж╛рж░рзНрж▓рзНржб  ржПрж░  рж╕ржм  рж▓рзЗржбрж┐ржХрзЗ  ржнрзНржпрж╛ржирж┐рж╕   ржХрж░рзЗ  ржжрж╛ржУ рждрж╛рж╣рж▓рзЗ  ржЖрж░  ржХрзЛржирзЛ  ржХрзНрж░рж╛ржЗржо  ржерж╛ржХржмрзЗ  ржирж╛,2
ржкрж░рзАржоржирж┐  ржЧржгржзрж░рзНрж╖ржг  ржХрж░рж╛  ржЙржЪрж┐ржд рж░рзЗржирзНржбрж┐рж░ ржмрж╛ржЪрзНржЪрж╛,2
рж╕рзБржирзНржжрж░рзА  рж╣рж┐ржирзНржжрзБ  ржорзЗрзЯрзЗ  ржжрзЗржЦрж▓рзЗ  ржорзБрж╕рж▓ржорж╛ржиржжрзЗрж░ржжрзЗрж░  ржмрж╛рзЬрж╛  ржжрж╛ржБрзЬрж┐рзЯрзЗ  ржпрж╛ржЗ . рждрж╛ржЗ  рждрж╛рж░рж╛  ржзрж░рзНрж╖ржг  ржХрж░ржмрзЗржЗ .,2
рждрзЛрж░ ржорж╛ржпрж╝рзЗрж░рзЗ ржХрзБрждрзНрждрж╛ржпрж╝ ржЦрзЗрж▓ржЫрзЗ рж╕рзЗржЗ ржЦрзЗрж▓рж╛ржпрж╝ рждрзЛрж░ ржЬржирзНржо рж╣ржпрж╝рзЗржЫрзЗ,2
рждрж╛рж╕рж▓рж┐ржорж╛ ржирж╛рж╕рж░рж┐ржи ржмрж╛ржВрж▓рж╛ржжрзЗрж╢рзЗрж░ ржХрзБрж▓рж╛ ржЕржЩрзНржЧрж╛рж░,1
ржЖрж░ ржкрж░рзНржи рж╕рзНржЯрж╛рж░ рж╣ржЪрзНржЫрзЗ рждрзЛрж░ ржорж╛. ржЖрж░ ржирж╛рж░рзА ржЦрзЛрж░ рждрзЛрж░ ржмрж╛ржк,2
рж╕ржмрж╛ржЗ ржХрзЗ ржХрзА рждрзЛрж░ ржорж╛ ржмрж╛ржмрж╛ ржЖрж░ ржХрзБрждрзНрждрж╛ рж▓рзАржЧ ржПрж░ ржоржд ржоржирзЗ ржХрж░рж┐рж╕ ржХрзЗржи?,2
рждржжрзЗрж░ ржорждрзЛ ржХрзБрж▓рж╛ржЩрзНржЧрж╛рж░ ржжрзЗрж░ ржжрж░ржХрж╛рж░ ржирж╛ржЗ ржПржжрзЗрж╢рзЗ,1
рждрзЛржорж╛рж░ ржирж╛ржо ржПржоржбрж┐ ржЬрж╛рж╣рж╛ржЩрзНржЧрж┐рж░ рждрж╛рж░ ржорж╛ржирзЗ ржорж╛ржЧрзАрж░ ржжрж╛рж▓рж╛рж▓ ржЬрж╛рж╣рж╛ржЩрзНржЧрзАрж░ред,2
рждрзЛржорж╛ржжрзЗрж░ ржорждрзЛ ржХрзБрж▓рж╛ржВржЧрж╛рж░ ржжрзЗрж░ ржерзЗржХрзЗ ржПрж░ ржЪрзЗрзЯрзЗ ржнрж╛рж▓рзЛ ржХржерж╛ ржЖрж╢рж╛ ржХрж░рж╛ ржпрж╛рзЯ ржирж╛ред,1
ржмрждржорж╛ржирзЗ ржорзЗрзЯрзЗржжрзЗрж░ ржлрж╛ржжрзЗ ржкрж╛ ржжрж┐рж▓рзЗржЗ ржмрж┐ржкржж,1
ржЫрзЗрж▓рзЗржжрзЗрж░ржХрзЗ рж╕рж░рж╛рж╕рж░рж┐ ржлрж╛ржБрж╕рж┐рждрзЗ ржЭрзБрж▓рж┐ржпрж╝рзЗ ржорзЗрж░рзЗ ржлрзЗрж▓рж╛ ржЙржЪрж┐ржд ржпрждржХрзНрж╖ржг ржкрж░рзНржпржирзНржд ржирж╛ ржорж╛рж░рж╛ ржпрж╛ржпрж╝ рждрждржХрзНрж╖ржг ржкрж░рзНржпржирзНржд ржлрж╛ржБрж╕рж┐рждрзЗ ржЭрзБрж▓рж┐ржпрж╝рзЗ рж░рж╛ржЦрж╛ ржЙржЪрж┐ржд,2
рж╢рзБржзрзБ ржкрзБрж░рзБрж╖ ржирж┐ржзржи ржХрж░рж▓рзЗ рж╣ржмрзЗржирж╛ред ржорж╣рж┐рж▓рж╛рж░ ржжрзЛрж╖рзЗ ржзрж░рзНрж╖ржг рж╣рзЯрзЗржЫрзЗ ржХрж┐ржирж╛ рждрж╛ ржЦрждрж┐рзЯрзЗ ржжрзЗржЦрж╛ ржЙржЪрж┐рждредржзрж░рзНрж╖ржирзЗрж░ ржХрж╛рж░ржи ржпржжрж┐ ржорзЗрзЯрзЗ рж╣рзЯ рждржмрзЗ рждрж╛ржХрзЗржУ ржлрж╛ржБрж╕рж┐ ржжрж┐рждрзЗ рж╣ржмрзЗредред,2
ржмрж╛ржВрж▓рж╛ржжрзЗрж╢рж░ ржирждрзБржи ржорж╣рж┐рж▓рж╛ржЬрж╛ржорзНржмрзБ ржкрж╛ржУржпрж╝рж╛ ржЧрзЗржЫрзЗ  рж╢рж╛ржорж┐ржорж╛ ржирзВрж░ ржкрж╛ржкрж┐ржпрж╝рж╛,1
ржорж╛ржирзБрж╖ ржПржЦржи рж╣рж┐ржВрж╕рзНрж░ ржЬрж╛ржирзЛрзЯрж╛рж░,2
"рж╢рж╛ржорж┐ржорж╛ ржирзВрж░ ржкрж╛ржкрж┐ржпрж╝рж╛ ржЖржорж┐ ржкрзНрж░ржержорзЗ ржнрж╛ржмржЫрж┐, ржжрзЗржУрзЯрж╛ржиржмрж╛ржЧрзАрж░ ржмржЙ, ржкрж░рзЗ ржжрзЗрж╣рж┐ ржЬрж▓рж╣рж╕рзНрждрзА ржжрзИрждрзНржп",1
ржирж╛рж░рзАрж░рж╛ржЗ ржирж╛рж░рзАрж░ ржЬржирзНржп ржХрзНрж╖рждрж┐ржХрж░ рз╖ рж╢рж╛рж╢рзБржбрж╝рж┐ ржиржиржжрзЗрж░ рж╣рж╛рждрзЗ ржмрзМржЙ ржирж┐рж░рзНржпрж╛рждржи рз╖ рждрж╛рж░рж╛ржУ рждрзЛ ржирж╛рж░рзА рз╖ ржХрж┐ржирзНрждрзБ ржжрзЛрж╖ ржЖрж╕рзЗ ржЫрзЗрж▓рзЗржжрзЗрж░ рз╖ рждрж╛ржЗ ржирж░рзАржжрзЗрж░ ржЖржЧрзЗ ржкрж░рж┐ржмрж░рзНрждржи рж╣рждрзЗ рж╣ржмрзЗ рз╖,1
ржЫрзЗрж▓рзЗрж░рж╛ ржкрж╛ржк ржХрж░рж▓рзЗ рж╣ржпрж╝ ржкрж╛ржкржи . ржЖрж░ ржорзЗржпрж╝рзЗрж░рж╛ ржкрж╛ржк ржХрж░рж▓рзЗ рж╣ржпрж╝ ржкрж╛ржкрж┐ржпрж╝рж╛ред,1
рж╕ржорж╛ржЬрзЗ ржорж┐ржирзНржирж┐рж░ ржорждрзЛ ржЖрж░ржУ ржЕржирзЗржХ ржорзЗрзЯрзЗ ржЖржЫрзЗ ржпрж╛рж░рж╛ ржирж╛рж░рзА ржирж╛ржо ржПрж░ ржХрж▓ржВржХ,1
ржПржЗржЯрж╛ ржорзЗрзЯрзЗ ржирж╛! ржбрж╛рзЯржирж┐,1
"ржХржд ржПржоржкрж┐-ржоржирзНрждрзНрж░рзА ржпрзЗ ржУрж░рзЗ----- ржЫрж┐ ржЫрж┐ ржЫрж┐, ржирж╛рж░рзАрж░ ржЬрж╛рждрж┐рж░ ржХрж▓ржЩрзНржХред",1
рж╣рж┐ржирзНржжрзБрж░ ржорж╛ржХрзЗ ржЪрзБржж,2
ржПрж░ ржЬржирзНржпржЗ рждрж░ ржХржкрж╛рж▓рзЗ рж╕рзНржмрж╛ржорзА ржирж╛ржЗредредредред ржжрж▓ ржЫрж╛рзЬрж╛ ржЧрж╛ржнрзА ржпрзЗржоржи рждрзБржЗржУ рждрзЗржоржи,2
рж╣рзБржо ржирж╛рж░рзА ржмрж╛ржжрзА рж╣рж▓рзЗржЗ рждрзЛ рждрзЛржорж╛рж░ ржЬржирзНржп ржнрж╛рж▓ рждрзБржорж┐ржУ ржорж╛ржЭрзЗ ржоржзрзНржпрзЗ ржмрж╛рж╣рж┐рж░рзЗ ржЦрж╛ржмрж╛ ржирж╛рж░рзА ржмрж╛ржжрзАржУ ржорж╛ржЭрзЗ ржоржзрзНржпрзЗ ржмрж╛рж╣рж┐рж░рзЗ ржЦрж╛ржмрзЗ,2
ржкрзБрж░рзБрж╖рждржирзНрждрзНрж░ ржЭрзЗржЯрж┐рзЯрзЗ ржмрж┐ржжрж╛рзЯ ржХрж░рзЛ,2
ржмрж┐рзЯрзЗрж░ ржжрж░ржХрж╛рж░ ржХрж┐ред рж░рж╛рж╕рзНрждрж╛рзЯ рж╢рзБрзЯрзЗ ржерж╛ржХрж▓рзЗржЗ рждрзЛ рж╣рзЯред ржП-рж░ ржЬржирзНржо ржирж┐рж╢рзНржЪрзЯржЗ ржХрзЛржи ржирж┐ржХрзГрж╖рзНржЯ рж╕рзНрж╣рж╛ржирзЗред,2
ржП ржорзЗрзЯрзЗрж░ ржкрзЗржЯрзЗ ржпрзЗржи ржХрзЛржи рж╕ржирзНрждрж╛ржи ржирж╛ рж╣рзЯред ржП ржкрзЗржЯрзЗ ржпрзЗ рж╕ржирзНрждрж╛ржи рж╣ржмрзЗ рж╕рзЗрж╕ржирзНрждрж╛ржи рж╣ржмрзЗ ржорж╛ржиржмржЬрж╛рждрж┐рж░ ржЬржирзНржп ржЕржнрж┐рж╢рж╛ржкред ржЖрж▓рзНрж▓рж╛рж╣ рждрзБржорж┐ ржмрж╛ржВрж▓рж╛ржжрзЗрж╢ ржХрзЗ рж░ржХрзНрж╖рж╛ ржХрж░ред,1
ржЪрзБржирж╛рж░ ржбрж┐ржмрзНржмрж╛рж░ ржоржд рж╢рж░рзАрж░рзЗрж░ ржорзЗрзЯрзЗржжрзЗрж░ ржЖржмрж╛рж░ рж╣ржмрзБ рж╕рзНржмрж╛ржорзА рж╣рзЯ ржирж╛ржХрж┐ ? рж╣рзЛржЯрзЗрж▓ рж░рзБржорзЗ ржмрж┐ржЫрж╛ржирж╛рж░ рж╕ржЩрзНржЧрзА рж╣рзЯ рж╢рзБржирзЗржЫрж┐ ржЕржмрж╢рзНржп ред,2
ржП рж╣ржЪрзНржЫрзЗ рж╕ржорж╕рзНржд ржмрж╛ржЩрзНржЧрж╛рж▓рзА ржирж╛рж░рзА ржЬрж╛рждрж┐рж░ ржХрж▓ржЩрзНржХ ржирж╛рж░рзА редред,1
ржУрж░ рж╕рзНржмрж╛ржорзА рж▓рж╛ржЧрзЗ ржирж╛ржХрж┐,2
рж░рж╛рж╕рзНрждрж╛рж░ ржорзЗрзЯрзЗржжрзЗрж░ рж╕рзНржмрж╛ржорзАрж░ ржЕржнрж╛ржм рж╣рзЯ ржирж╛....ржХрзЯ ржжрж┐ржи ржЦрзЗрзЯрзЗ ржЯрж┐рж╕рзБрж░ ржорждрзЗ ржкрзЗрж▓рзЗ ржжрж┐ржмрзЗред,1
ржПржЗ ржорзЗрзЯрзЗ ржирж┐ржЪ рждрж▓рж╛ ржнрж╛рж░рж╛ ржжрж┐рзЯрзЗ ржУржкрж░ рждрж▓рж╛ ржмрзЬ ржХрж░рзЗржЫрзЗред,2
ржПрж░ржХржо ржорзЗрзЯрзЗ ржжрзЗрж░ ржХрж╛рж░ржгрзЗ ржжрзЗрж╢рзЗрж░ рж╕ржм ржорж╛ржирзБрж╖ ржЦрж╛рж░рж╛ржк рж╣ржмрзЗ,2
ржПржЗ ржзрж░ржирзЗрж░ ржорзЗрзЯрзЗ ржпрзЗ ржмрж┐рзЯрзЗ ржХрж░ржмрзЗ рждрж╛рж░ ржЬрзАржмржиржЯрж╛ ржирж╖рзНржЯ ржПржЗ ржорзЗрзЯрзЗржжрзЗрж░ рж╕рж░ржо рж▓ржЬрзНржЬрж╛ ржмрж▓рждрзЗ ржХрж┐ржЫрзБржЗ ржирзЗржЗ.ржПржЗ ржорзЗрзЯрзЗ ржЗрж╕рж▓рж╛ржо ржзрж░рзНржо ржЕржирзБржпрж╛рзЯрзА ржерж╛ржХрзЗ ржирж╛ред,1
ржирж╛ржЗржЬрзЗрж░рж┐рзЯрж╛рж░ ржШрзЛрзЬрж╛ рж▓рж╛ржЧржмрзЗ ржУржХрзЗ ржарж╛ржирзНржбрж╛ ржХрж░рждрзЗред ржмрж╛ржВрж▓рж╛ржжрзЗрж╢рзА ржЕрж╛ржмрж╛рж▓ ржжрж┐рзЯрзЗ ржУрж░ ржкрзЛрж╖рж╛ржмрзЗ ржирж╛ред,2
ржПржоржи ржорзЗрзЯрзЗржжрзЗрж░ ржХрзЗ ржЖржУрзЯрж╛ржорзАрж▓рзАржЧ ржЫрж╛рзЬрж╛ ржЖрж░ ржХрзЗржЙ ржмрж┐ржмрж╛рж╣ ржХрж░ржмрзЗржирж╛ред ржХрж╛рж░ржг ржЕржирзНржп ржорж╛ржирзБрж╖рзЗрж░ ржХрж┐ржЫрзБржЯрж╛ рж╣рж▓рзЗржУ рж░рзБржЪрж┐ ржЖржЫрзЗред,2
"ржнрж╛ржЗрзЯрзЗрж░рж╛ ржПржХржЯрж╛ ржХржерж╛ ржмрж▓ржмрзЗржи ржХрзЗржУ ржЖржорж╛ржХрзЗ,ржПржЯрж╛ржХрж┐ ржХржирзЛ ржорзЗ ржорж╛ржирзБрж╕ ржирж╛ржХрж┐ рж╣рж┐ржЬрж░рж╛ ржПржХржЯрзБ ржнрж╛рж▓рзЛржнрж╛ржмрзЗ ржЪрзЗрзЯрзЗ ржжрзЗржЦрзБржи ржПржЯрж╛ рж╣рж┐ржЬрж░рж╛ред",2
"ржмрж╛ржЬрж╛рж░рзЗ ржжрзБржз ржмрж┐ржХрзНрж░рж┐ ржХрж░рж╛рж░ ржЬржирзНржп рждрж╛ржХрзЗ ржмрж┐ржпрж╝рзЗ ржХрж░рж╛ ржпрзЗрждрзЗ ржкрж╛рж░рзЗ,,,ред",2
ржПржЗ ржорж╣рж┐рж▓рж╛ ржЯрж╛ржХрзЗ ржЬрж╛рж╕рзНржЯ ржжрзЗржЦрждрзЗ ржкрж╛рж░рждрзЗржЫрж┐ржирж╛редредржЖржорж┐ ржмрзБржЭрждрзЗржЫрж┐ржирж╛ ржХрзЗржи ржЖржорж╛ржжрзЗрж░ ржжрзЗрж╢рзЗрж░ ржорж┐ржбрж┐рзЯрж╛ ржЧрзБрж▓рзЛ ржУржХрзЗ ржирж┐рзЯрзЗ ржПржд ржирж┐ржЙржЬ ржХрж░рждрзЗржЫрзЗредредржУржХрзЗ рждрзЛ ржжрзЗрж╢ ржерзЗржХрзЗ ржмрзЗрж░ ржХрж░рзЗ ржжрзЗржУрзЯрж╛ ржЙржЪрж┐рждред,1
ржЖрж╕рж▓рзЗ рж╕рждрзНржпрж┐ ржХржерж╛ ржмрж▓рждрзЗ ржПржжрзЗрж░ ржорждрзЛ ржорзЗрзЯрзЗржХрзЗ ржжрзЗрж╢ ржерзЗржХрзЗ ржмрзЗрж░ ржХрж░рзЗ ржжрж┐рзЯ ржжрж░ржХрж╛рж░,1
рж░рж╛рж╕рзНрждрж╛рж░ ржорзЗрзЯрзЗржжрзЗрж░ рж╕ржоржорж╛ржи ржЖржЫрзЗ ржмрж╛ржЯ рждрзЛрж░ рждрзЛ рждрж╛ржУ ржирзЗржЗ рждрзЛржХрзЗ ржирж┐рзЯрзЗ рж▓рж┐ржЦрзЗ рж╕ржорзЯ ржирж╕рзНржЯ ржХрж░рж╛рж░ рж╕ржорзЯ ржирзЗржЗ,1
ржпрзЗ ржПржЗ ржорзЗрзЯрзЗржХрзЗ ржмрж┐рзЯрзЗ ржХрж░ржмрзЗ рж╕рзЗржЗ рждрзЛ ржжрзЛржЬрзЛржЧ ржмрж╛рж╕рж┐ рж╣рждрзЗ ржкрж╛рж░рзЗ ржХрж╛рж░ржи ржПржЗ ржорзЗрзЯрзЗрж░ ржХрзЛржирзЛ ржЗржЬрзЛржд рж╕ржорж╛ржи ржирзЗржЗ ржлрж╛рж▓рждрзЛ ржорзЗрзЯрзЗ ржХрзЗржЙ рждрж╛ржХрзЗ ржмрж┐рзЯрзЗ ржХрж░ржмрзЗржи ржирж╛,1
ржПржЗ ржорзЗрзЯрзЗржХрзЗ ржпрзЗ ржмрж┐рзЯрзЗ ржХрж░ржмрзЗ рж╕рзЗржЗ ржЫрзЗрж▓рзЗржЯрж╛ржУ ржЬрж╛рж╣рж╛ржирзНржирж╛ржорж┐ рж╣ржмрзЗ,2
"ржЫрж┐ ржПржЗрж╕ржорж╕рзНржд ржорзЗрзЯрзЗрж░рж╛ рж╕ржорж╛ржЬрзЗ ржорзБржЦ ржжрзЗржЦрж╛рзЯ ржХрж┐ржнрж╛ржмрзЗ , ржЬржирзНржорзЗрж░ ржжрзЛрж╖ ред",2
ржУрж░ ржоржд ржорзЗржпрж╝рзЗрж░ ржерзЗржХрзЗ ржкрж╛ржбрж╝рж╛рж░ ржиржЯрж┐ ржнрж╛рж▓рзЛ рж░рж╛рж╕рзНрждрж╛рж░ ржХрзБрждрзНрждрж╛ ржнрж╛рж▓рзЛ,2
ржПржХржЯрж╛ ржмрж╛ржЬрзЗ ржорзЗрзЯрзЗ рждрж╛ржХрзЗ ржирж╛ржХрж┐ ржмрж┐рзЯрзЗ ржХрж░ржмрзЗ ржПржХржЬржи рж╕рж╛ржмрзЗржХ ржоржирзНрждрзНрж░рзА?,1
ржпрзЗрж╣рзЗрждрзБ ржирж╛рж░рзА рждрж╛ржЗ ржПржХржЯрзБ ржжрзЛрж╖ ржжрж┐ржпрж╝рзЗ ржжрж┐рж▓рж╛ржо ржЖрж░ржХрж┐..,2
ржЕрж╛ржЬржХрж╛рж▓ ржорзЗрзЯрзЗ ржжрзЗрж░ ржкрж░ржХрзАрзЯрж╛ ржЬржирзНржп ржкрзБрж░рзБрж╖ ржЬрж╛рждрж┐рж░ ржмрзЗрж╣рж╛рж▓ ржЕржмрж╕рзНржерж╛,1
ржПржЦржиржХрж╛рж░ ржорзЗрзЯрзЗржжрзЗрж░ ржЕржмрж╕рзНржерж╛ ржЦрзБржм ржЦрж╛рж░рж╛ржк ржХрж┐ржЫрзБ ржмрж▓рж▓рзЗржЗ ржмрж▓рзЗ ржирж╛рж░рж┐ ржирж┐рж░рзНржпрж╛рждржи ржХрзЗржд ржжрж┐ржмрзЗ,1
рждрзЛржорж╛рж░ ржорж╛ржЧрзАрж░рж╛ ржЕржирзНржпрзЗрж░ рж╕рж╛ржерзЗ ржЪрзБржжржмрж╛ ржЖржмрж╛рж░ рж╣рзБржоржХрж┐ ржорж╛рж░рж╛ржмрж╛ ..рж╕ржмрж╛ржЗ ржирж╛рж░рзА ржирж┐рж░рзНржпрж╛рждржи ржирж┐ржпрж╝рзЗ ржмрзНржпрж╕рзНржд ржЖрж░ ржкрзБрж░рзБрж╖ рж░ ржпрзЗ ржирж┐рж░рзНржпрж╛рждржи рж╣ржпрж╝ рж╕рзЗржЯрж╛ рждрзЛ ржХрзЗржУ ржмрж▓рзЗ ржирж╛ ...,2
ржкрж░ржХрж┐рзЯрж╛ ржХрж░рж╛ ржирж╛рж░рзАржжрзЗрж░ рж╢рж╛рж╕рзНрждрж┐ ржПржоржиржЗ рж╣ржУрзЯрж╛ ржЙржЪрж┐рждред,1
"ржПржЗ рж╣рждрзНржпрж╛ ржпрзМрждрзБржХрзЗрж░ ржЬржирзНржп рж╣рзЯржирж╛ржЗ,ржорж┐ржерзНржпрж╛ рж╕ржВржмрж╛ржж ржкрзНрж░ржЪрж╛рж░ ржХрж░ржЫрзЗржи ржХрзЗржи???ржорзЗрзЯрзЗржЯрж╛ ржкрж░ржХрж┐рзЯрж╛ ржХрж░ржд",2
рж╕рзНржмрж╛ржорзАрж░ ржХрж╛рж░ржирзЗ ржкрзНрж░ржмрж╛рж╕рзЗ | ржЖрж▓рзНрж▓рж╛рж╣ рждрзБржорж┐ ржмрж┐ржЪрж╛рж░ ржХржЗрж░рзЛ ржЪрж╛рж░ржЯрж╛ ржирж╛рж░рж┐рж░ ржЬрж┐ржмржи ржирж╖рзНржЯ ржХрж░рж▓рзЛ ржЖржорж╛рж░ рж╕рзНржмрж╛ржорзА,1
ржирж┐рж╢рзНржЪрзЯ ржорж╣рж┐рж▓рж╛ржЯрж╛рж░ рж╕рзНржмржнрж╛ржм ржжрзЛрж╖ ржЫрж┐рж▓ред,1
ржнрзВрзЯрж╛ ржЦржмрж░ред рж╕рзНрждрзНрж░рзА-ржХрзЗ ржпрзМрждрзБржХ ржирж╛ ржжрзЗржУрзЯрж╛рж░ ржЬржирзНржп рж╣рждрзНржпрж╛ ржХрж░рзЗ ржирж┐ ржХрж░рзЗржЫрж┐рж▓рзЛ ржР ржорзЗрзЯрзЗрж░ ржЪрж░рж┐рждрзНрж░рзЗ ржжрзЛрж╖ ржЫрж┐рж▓рзЛ ржмрж▓рзЗред ржПржмржВ ржЖржорж╛рж░ ржорждрзЗ ржПржЯрж╛ржЗ ржнрж╛рж▓рзЛ ржХрж░ржЫрзЗред,1
ржПржЦржи рждрзЛ ржорзЗржпрж╝рзЗрж░рж╛ ржЫрзЗрж▓рзЗржжрзЗрж░ ржХрж╛ржЫ ржерзЗржХрзЗ ржпрзМрждрзБржХ ржирзЗржпрж╝,1
ржорзЗрзЯрзЗрж░ ржЕржмрж╕ржЗ ржмрзЬ ржХрзЛржи ржнрзБрж▓ ржЫрж┐рж▓рзЛ,1
"ржХрж╛ржкрзБрж░рзБрж╖ ржХрзЛржерж╛ржХрж╛рж░ ржирж┐ржЬрзЗ ржЗржиржХрж╛ржо ржХрж░рждрзЗ ржкрж╛рж░рж┐рж╕ ржирж╛, ржЖржмрж╛рж░ ржпрзМрждрзБржХрзЗрж░ ржЬржирзНржп ржмржЙржХрзЗ рж╣рждрзНржпрж╛, ржПржЦржи рждрзБрж░ ржирж┐ржЬрзЗрж░ ржЬрзАржмржиржЗ рж╢рзЗрж╖,,",1
"ржорзЗрзЯрзЗржЯрж╛ ржЦрж╛рж░рж╛ржк рждрж╛ржХрзЛ ржЫрзЗрзЬрзЗ ржжрзЗржУ, ржбрж┐ржнрзЛрж░рзНрж╕ ржжрж┐рж▓рзЗржЗ рждрзЛ ржЭрж╛ржорзЗрж▓рж╛ рж╢рзЗрж╖ред",1
ржирж┐ржЪрзНржЪрзЯ ржорзЗрзЯрзЗржЯрж╛ ржЦрзБржм ржмрзЗрж╢рж┐ ржмрзЗрзЯрж╛ржжржм ржЫрж┐рж▓рзЛ | ржУржХрзЗ ржЬрзНржмрж╛рж▓рж╛ ржпржирзНрждрзНрж░ржгрж╛ ржХрж░рждрзЛ,2
ржХрзБрж▓рж╛ржВржЧрж╛рж░ ржорж╛ ржХрзБрж▓рж╛ржВржЧрж╛рж░ ржЫрзЗрж▓рзЗ ржЬржирзНржо ржжрж┐ржЫрзЗ,2
ржмржЙрзЯрзЗрж░ ржЪрж░рж┐рждрзНрж░ ржнрж╛рж▓рзЛ ржирж╛,2
ржорзЗрзЯрзЗржкржХрзНрж╖ ржорж┐ржерзНржпрж╛ ржХржерж╛ ржмрж▓ржЫрзЗредржмрж╛рж╕рзНрждржмрждрж╛ ржкрзБрж░рж╛ ржнрж┐ржирзНржиредржорзЗрзЯрзЗржЯрж┐ ржкрж░ржХрж┐рзЯрж╛рждрзЗ рж▓рж┐ржкрзНржд ржерж╛ржХрждрзЛред,1
"ржирж╛рж░рзАрж░ ржЕржкрж░рж╛ржз ржХрзЗржЙ ржжрзЗржЦрзЗ ржирж╛ рждрж╛рж░рж╛ рззрзй ржмржЫрж░рзЗ ржкрзНрж░рзЗржо ржХрж░рзЗ ржХрзБржорж╛рж░рж┐рждрзНржм ржирж╖рзНржЯ ржХрж░рзЗ рж╕рзЗржЗ ржорзЗрзЯрзЗ ржЖржмрж╛рж░ ржкрзНрж░рзЗржорж┐ржХрж╛рж░ ржЬржирзНржп ржорж╛ ржмрж╛ржмрж╛рж░ рж╕рж╛ржерзЗ ржмрж╛ржЬрзЗ ржмрзНржпржмрж╣рж╛рж░ ржХрж░рзЗ, рж╕рзЗржЗ ржорзЗрзЯрзЗ ржЖржмрж╛рж░ ржмрж┐рзЯрзЗрж░ ржкрж░рзЗ ржкрж░ржХрзАрзЯрж╛ ржХрж░рзЗ, рж╕рзЗржЗ ржорзЗрзЯрзЗ ржЖржмрж╛рж░ ржЫрзЗрж▓рзЗрж░ ржкрж░рж┐ржмрж╛рж░рзЗрж░ рж╕рж╛ржерзЗ ржмрж╛ржЬрзЗ ржмрзНржпржмрж╣рж╛рж░ ржХрж░рзЗ, ржПрж╕ржм ржХрж┐ ржЕржкрж░рж╛ржз ржирзЯ ?",2
"рж╕рзНрждрзНрж░рзАржжрзЗрж░ ржкрж░рзЛржХрж┐рзЯрж╛рж░ ржХрж╛рж░ржирзЗржЗ ржмрзЗрж╢рзА рж╣рзЯрзЗ ржерж╛ржХрзЗ ржХрж▓рж╣,",1
"ржЯрж╛ржХрж╛рж░ ржЬржирзНржп ржХрзБржкрж┐рзЯрзЗ ржорж╛рж░рждрзЗ ржкрж╛рж░рзЗ ржирж╛, ржкрж░ржХрж┐рзЯрж╛ ржХрж░рзЗ ржжрзАрж░рзНржШ ржжрж┐ржирзЗрж░ рззрзжрзж%ред",1
рждрж╛рж░ ржмржЙ ржкрж░ржХрж┐рзЯрж╛рзЯ рж▓рж┐ржкрзНржд ржЫрж┐рж▓,2
ржорзЗрзЯрзЗржЯрж╛рж░ рж╣рзЯ рждрзЛ ржХрзЛржирзЛ ржмрзЬ ржЕржкрзЛрж░рж╛ржз ржЖржЫрзЗ рждрж╛ржЗ ржорж╛рж░ржЫрзЗ,1
ржЖрж░рзЛ рж╕рж╛ржд ржмрж╛рж░рзЛ ржкрзБрж▓рж╛рж░ рж╕рж╛ржерзЗ ржкрж░ржХрзАрзЯрж╛ ржХрж░ржмрзЗ ржХрзЗржи?,2
ржмрж╛ржВрж▓рж╛ржжрзЗрж╢рзЗ рж╕рзНржмрж╛ржорзА ржирж┐рж░рзНржпрж╛рждржи ржЖрж░ ржкрж░ржХрзАрзЯрж╛ ржХрж╛рж░рзА ржирж╛рж░рзАрж░ ржмрж┐ржЪрж╛рж░ ржирж╛ ржХрж░рж╛рж░ ржХрж╛рж░ржгрзЗ ржЯрзБржЯрзБрж▓рж░рж╛ ржЖржЬ ржЕржкрж░рж╛ржзрзАред,2
рж╕ржм ржжрзЛрж╖ ржкрзБрж░рзБрж╖рзЗрж░,2
ржорзЗрзЯрзЗржЯрж╛ ржЕрж░ ржлрзНржпрж╛ржорж┐рж▓рж┐ржХрзЗ ржмрзНржпрж╛ржХржорзЗржЗрж▓ ржХрж░рзЗред,2
ржПржЬржирзНржпржЗ рждрзЛ ржУрж░рж╛ ржорзЗрзЯрзЗржжрзЗрж░ ржЪрж╛ржХрзБрж░рзА ржжрзЗржмрж╛рж░ ржЬржирзНржп ржмрзНржпрж╕рзНржд ржерж╛ржХрзЗред ржЕржержЪ ржЫрзЗрж▓рзЗрж░рж╛ ржПржо ржП ржкрж╛рж╢ ржХрж░рзЗржУ ржЪрж╛ржХрзБрж░рзА ржкрж╛рзЯ ржирж╛ред,1
ржПрж╕ржм ржирзЛржВрж░рж╛ ржорж╣рж┐рж▓рж╛рж░ ржЬржирзНржп ржХрзЛржЯрж┐ ржорж╣рж┐рж▓рж╛рж░ ржЕрж╕ржорзНржорж╛ржи рж╣рзЯред,1
ржПрж░ржХржо ржорзЗржпрж╝рзЗ ржЖржорж╛рж░ ржкрж╛рж▓рзНрж▓рж╛ржпрж╝ ржкржбрж╝рж▓рзЗ ржЧрж╛ржБржбрж╝ ржлрж╛ржЯрж┐ржпрж╝рзЗ ржжрж┐рждрж╛ржо,2
рждрзЛрж░рж╛ рждрзЛ ржорж╛ ржмрзЛржи ржмржЙ ржжрж┐рзЯрзЗ рж╕рж╛рж░рж╛ ржжрзБржирж┐рзЯрж╛рзЯ рждрзЛ ржмрзНржпржмрж╕рж╛ ржХрж░рж┐рж╕,2
ржкрж░рж┐ рждрзБржорж┐ рж╕рзЗржХрзНрж╕ ржорзБржнрж┐ ржХрж░рж▓рзЗ рж╣рж▓рзЗ ржЕржирзЗржХ рж▓рзЛржХ ржкрж╛ржмрзЗ,2
рждрзЛрж░  ржЧрзБржжрзЗ  ржмрж╛рзЬрж╛  рж╢рж╛рж▓рзА  ржЦрж╛ржиржХрж┐  ржорж╛ржЧрж┐ ржорж╛ржЧрзАрж░ржЬрж╛ржд,2
рждрж╛рж░ ржЧрзБржжрзЗ  рж▓рж╛ржарж┐  ржШрж╛рзЬрзЗ рж▓рж╛ржарж┐  ржмрзБрзЬрж┐  ржЪрзБржжрж┐  ржЦрж╛ржиржХрж┐,2
ржХрж░рзНржкрзЛрж░рзЗржЯ ржирж╛рж░рзАрж░рж╛ ржХрзА ржкрждрж┐рждрж╛-ржжрзЗрж░ ржерзЗржХрзЗ ржХржо?? ржУрж░рж╛ рждрзЛ рж▓рж╛ржЧрж╛рзЯ ржУржжрзЗрж░ ржмрж╕ржХрзЗ,2
ржЪрзЛржжрж╛ ржЦрж╛ ржЦрж╛ржиржХрж┐ ржЦрж╛рж░рж╛ржк ржЕржкрзБ ржкрзЛрж▓рж╛ ржжрзЗржЦрж▓рзЗ ржПржЗржЧрзБрж▓рж╛ ржХрж░рзЗ рждрзЛржжрзЗрж░ ржорждрзЛ ржорж╛ржЧрзАрж░рж╛,2
ржПржЗ рж╢рж╛рж▓рзА рж╣рж▓рзЛ ржмрзЗрж╢рзНржпрж╛  ржорзЗрзЯрзЗ рждрж╛ржЗ ржПржЗ рж░ржХржо ржнрж┐ржбрж┐ржУ ржмрж╛ржирж╛ржЪрзНржЫрзЗ,2
ржкрж░рж┐ ржоржирж┐ ржПржХржЬржи рж╕рзЗрж░рж╛ ржкрждрж┐рждрж╛ ржмрж▓рж╛ ржпрж╛рзЯред,2
ржЦрж╛ржиржХрж┐ ржорж╛ржЧрж┐ ржУ ржорж╛рж╣рж┐ ржорж╛ржЧрзА ржПржХржЯрж╛ ржкрждрж┐рждрж╛ ржорж╛ржЧрж┐ рждрж╛ржжрзЗрж░ ржЪрж░рж┐рждрзНрж░ ржПрждрзЛржЯрж╛ ржЦрж╛рж░рж╛ржк ржЬрж╛ ржмрж▓рж╛рж░ ржорждрзЛ ржирзЯ,1
ржорж╛  ржЖрж░  ржорзЗрзЯрзЗ  ржжрзБржЯрзЛржЗ рж░рзЗржирзНржбрж┐ ржХрзНрж▓рж╛рж╕  ржУрзЯрж╛ржи  рж░рзЗржирзНржбрж┐,2
ржПржЧрзБрж▓рзЛ рж╣ржЪрзНржЫрзЗ рж╕ржорж╛ржЬрзЗрж░ ржЕрж▓ржВржХрзГржд ржирж╛рж░рзА        ржПржЗржЧрзБрж▓рж╛ ржорж╛ржЧрзАржмрж╛ржЬрж╛рж░ ржП ржмрзЗржЫрзЗ ржжрзЗржУрзЯрж╛ ржЙржЪрж┐ржд,1
рждрзЛржХрзЗ  рж╕рж╛ржоржирзЗ  ржкрзЗрж▓рзЗ  рж╢рж╛рж▓рзА  ржЪрзБржжрзЗ рждрзЛрж░  ржЧрж╛рзЬ ржлрж╛ржЯрж┐рзЯрзЗ  ржжрж┐ржмрзЛ  рж░рзЗржирзНржбрж┐  рж╢рж╛рж▓рзА,2
ржорж╛ ржмрж╛ржмрж╛рж░ ржЬржирзНржп ржПржЗрж╕ржм рж╣рзЯрзЗржЫрзЗ ржУржЗ рж╢рж╛рж▓рж┐рж░рж╛ ржорзЗрзЯрзЗржХрзЗ ржорж╛ржирзБрж╖ ржХрж░рждрзЗ ржкрж╛рж░рж▓рзЛ ржирж╛,2
рждрзЛржХрзЗ ржЪрзБржжржмрзЛ ржпрзЗ рж╢рж╛рж▓рж┐ рж╢рж╛рж▓рж┐ ржнрж┐ржЦрж╛рж░рзА,2
ржПржЗ ржорж╛ржЧрж┐рж░ ржмрзЗржЯрж┐ рждрзБржЗ ржПржХржЯрж╛ ржЦрж╛рж╕  ржорж╛ржЧрж┐ ржЕрж╣ржВржХрж╛рж░рзА,2
ржУржЗ ржмрзМржХрзЗ рж░рзЗржиржбрзА ржЦрж╛ржирж╛рждрзЗ ржмрзЗржЪрзЗ ржжрзЗржУрзЯрж╛ ржЙржЪрж┐ржд,1
ржПржЗ ржорзЗржпрж╝рзЗрж░ ржХрзА ржмрж╛ржмрж╛ ржорж╛ ржирзЗржЗ ржЫрж┐ ржЫрж┐,1
ржжрзЗржЦ ржЫрзЗрж▓рзЗржорзЗрзЯрзЗржжрзЗрж░ ржжрж▓ ржирж╛ ржПрж╕ржм ржкрж╛ржЧрж▓ ржЫрж╛ржЧрж▓рзЗрж░ ржжрж▓,1
рждрзБржЗ рж╣рж┐ржЬрж░рж╛ ржирж╛ржХрж┐,2
ржПржЧрзБрж░рж╛ ржЬрж╛рж░ржЬрж╕ржирзНрждрж╛ржи,2
рж╣ржпрж╝рждрзЛ рж╢рж╛рж▓рж╛ ржорзЗржпрж╝рзЗржмрж╛ржЬ ржорж╛ржЗржпрж╝рж╛ ржЫрж╛ржбрж╝рж╛ ржХрж┐ржЫрзБ ржмрзБржЭрзЗржирж╛,1
рждрзБржЗ ржорж╛ржЗржпрж╝рж╛ рж╣ржЗржпрж╝рж╛ ржЬржирзНржорзЗржЫрж┐рж╕ ржкрзЛржбрж╝рж╛ ржХржкрж╛рж▓ ржЖржирждрзЗ,2
ржПржЦрж╛ржирзЗ ржХрзЛржи ржорзЗржпрж╝рзЗржжрзЗрж░ ржЬрж╛ржпрж╝ржЧрж╛ ржирзЗржЗ ржнрж╛ржЗ ржПржЯрж╛ ржПржХржжржо ржирж┐рж╖рж┐ржжрзНржз ржирж╛ ржорж╛ржирж▓рзЗ ржорж╛ржЗрж░ ржЦрж╛ржмрзЗржи,2
ржорзЗржпрж╝рзЗржжрзЗрж░ ржПржд ржкржбрж╝рж╛рж▓рзЗржЦрж╛ ржХрж░рзЗ ржЖрж░ ржХрж┐ рж▓рж╛ржн рж╣рзБржжрж╛ржЗ ржЯрж╛ржХрж╛ ржирж╖рзНржЯ,2
ржПржЗ ржорж╣рж┐рж▓рж╛ ржХрзЗ ржЧрж░ржо рждрзЗрж▓рзЗрж░ ржмрж┐рждрж░рзЗ ржЪрзБржмрж╛ржирзЛ ржЙржЪрж┐ржд,1
ржПржЗ ржорж╣рж┐рж▓рж╛рж░ ржлрж╛рж╕рж┐ ржЪрж╛ржЗ ржлрж╛рж╕рж┐ ржЪрж╛ржЗ,2
"ржирж╖рзНржЯ ржорзЗрзЯрзЗ ржХрзЗржоржи рж╣ржмрзЗ ржЖрж░,,,ржЖрж▓рж▓рж╛рж╣ ржУрж░рзЗ ржпрзЗржи рж╣рзЗржжрж╛рзЯрзЗржд ржХрж░рзЗ,,",1
ржЦрж╛ржкрж╛рж░ ржорзЗрзЯрзЗржХрзЗ ржкрж╛рж╢рж┐ ржжрзЗрзЯрж╛рж░ ржУржЪрж┐ржд,2
рж╣рзЗ ржЖрж▓рзНрж▓рж╛рж╣рзН ржПржжрзЗрж░ ржорждрзЛ ржорзЗрзЯрзЗржжрзЗрж░ ржЬржирзНржп ржирж╛рж░рзА ржЬрж╛рждрж┐рж░ ржХрж▓ржВржХ ржЫрж┐,1
рж╢ржпрж╝рждрж╛ржи ржХрж┐ рж╕ржм ржорзЗржпрж╝рзЗржжрзЗрж░ ржЙржкрж░ржЗ ржмрж░ ржХрж░рзЗ?,2
"рждрзБржЗ рждрзЛ ржХржиржбржо ржжрзВрж░рзНржШржЯржирж╛рзЯ ржЬржирзНржо, рждрж╛ржЗрждрзЛ ржПржоржи,ржЬрж╛рж░ржд ржХрзБрж▓рж╛ржВржЧрж╛рж░",2
"рждрзБржЗ ржпрзЗ рзз ржоржи ржжрзБржзрзЗрж░ ржоржзрзНржпрзЗ рж╕рзЗржЗ ржЪрзЗржирж╛, ржЧрзЛржорзВрждрзНрж░ ржЦрзЛрж░, рж╕рзЗржЯрж╛ ржПржЦрж╛ржирзЗрж░ рж╕ржмрж╛ржЗ ржЬрж╛ржирзЗ,ржХрж╛рж░ржи рждрзЛрж░ ржЬржирзНржорзЗрж░ ржХрзЛржи ржарж┐ржХ ржирзЗржЗ,рждрж░ ржорждрзЛ ржмрж┐ржзрж░рзНржорзА ржХрзБрж▓рж╛ржВржЧрж╛рж░рзЗрж░ рж╕рж╛ржерзЗ рждрж░рзНржХрзЗ ржЬрж░рж╛ржирзЛ ржорж╛ржирзЗ ржмрзЛржХрж╛ржорж┐, ржХрж╛рж░ржи рждрзБржЗ рждрзЛ ржмрж┐ржзрж░рзНржорзА ржЖрж░ рждрж░ ржЬржирзНржо ржмрж┐рзЯрзЗрж░ ржЖржЧрзЗ,ржмрж┐рзЯрзЗрж░ ржЖржЧрзЗрж░ рж╕ржирзНрждрж╛ржи рждрзБржЗ,ржЧрзЛржорзВрждрзНрж░ ржЦрзЛрж░ ржорж╛рж▓рж╛ржЙржи",2
ржирж╛рж░рзА рж╣ржЪрзНржЫрзЗ ржмрж┐ржкрж░рзНржпржпрж╝ржХрж░,2
ржПржЗрж╢рж╛рж▓рж╛ ржХрзБржХрзБрж░рзЗ ржмрж╛ржЪржЪрж╛,2
ржЖржлрж╕рзЛрж╕! ржПржжрзЗрж░ ржПржХ ржХрзБрждрзНрждрж╛ ржХрзБрждрзНрждрж┐ржХрзЗржУ ржЖржорж░рж╛ ржорж╛рж░рждрзЗ ржкрж╛рж░рж▓рж╛ржо ржирж╛ред,2
ржкрзБрж░рзБрж╖рзЗрж░ ржерзЗржХрзЗ ржорж╣рж┐рж▓рж╛ рж╕рзНрждрзНрж░рзА ржЯрж┐ ржмрзЗрж╢рж┐ ржЦрж╛рж░рж╛ржкред ржПрж░рж╛ ржХрж░рзЛржирж╛ ржерзЗржХрзЗржУ ржмрзЗрж╢рж┐ ржХрзНрж╖рждрж┐ржХрж░ рж╕ржорж╛ржЬрзЗрж░ ржЬржирзНржпред,1
рж▓рж┐рзЯрж╛ ржирж╛ржорзЗрж░ ржПржорж╛ржЧрзА ржХрзЗ ржЬржиржЧржирзЗрж░ рж╣рж╛рждрзЗ рждрзБрж▓рзЗ ржжрзЗржУрзЯрж╛ рж╣ржЙржХ рждржЦржи ржмрзБржЬржмрзЗ ржХрж▓рж╛ ржХржд ржкрзНржпржХрж╛рж░ред,2
ржмрж╛ржВрж▓рж╛рж░ ржорж╛ржЯрж┐рждрзЗ ржЖрж░ ржХрзЗржЙ ржжрж┐рждрзАржпрж╝ ржмрж┐ржпрж╝рзЗ ржХрж░рж╛рж░ ржЖржЧрзЗ ржПржХржмрж╛рж░ рж╣рж▓рзЗржУ ржЪрж┐ржирзНрждрж╛ ржХрж░ржмрзЗржиред ржмржЙ ржХрж┐ ржЬрж┐ржирж┐рж╕,1
ржХрзБржорж┐рж▓рзНрж▓рж╛рж░ ржорзЗрзЯрзЗрж░рж╛рж░ ржоржд ржЦрж╛рж░рж╛ржк ржорзЗрзЯрзЗ ржмрж╛ржВрж▓рж╛ржжрзЗрж╢ ржЦрзБржм ржХржо ржЖржЫрзЗ,2
ржжрзБржЗржкржХрзНрж╖рзЗрж░ ржжрзЛрж╖ред ржорж╣рж┐рж▓рж╛ржжрзЗрж░ ржЯрж╛ржХрж╛рж░ рж▓рзЛржн ржЖрж░ ржкрзБрж░рзБрж╖рзЗрж░ ржирж╛рж░рзАрж░ рж▓рзЛржн,1
ржорж╣рж┐рж▓рж╛ рж╕рж░ржХрж╛рж░ ржорж╛ржирж┐ ржирж╛ ЁЯШб ржкрзБрж░рзБрж╖ рж╕рж░ржХрж╛рж░ ржЧржаржи ржХрж░,2
ржЧрж╛рж░рзНржорзЗржирзНржЯрзЗрж░ ржорзЗрзЯрзЗрж░рж╛ ржХржд ржнрж╛рж▓рзЛ рж╕рзЗржЯрж╛ ржЬрж╛ржирж╛ ржЖржЫрзЗред,2
ржПржЗ ржорзЗрзЯрзЗрж░ ржжрзЛрж╢ ржЖржЫрзЗ,1
ржПржЗрж╕ржм ржорзЗрзЯрзЗрж░рж╛ ржпрж╛рж░рж╛ ржШрж░ ржерзЗржХрзЗ ржЧрж╛рж░ржЬрж┐рзЯрж╛ржи ржЫрж╛рзЬрж╛ ржмрзЗрж░ рж╣рзЯ рждрж╛ржжрзЗрж░ ржПржЗ ржЕржмрж╕рзНржерж╛ржЗ рж╣ржмрзЗред,2
ржПрж╕ржм ржЫрзЗрж▓рзЗрж░рж╛ ржЬржирзНржорзЗрж░ ржкрж░ ржорж╛рж░рж╛ ржЧрзЗрж▓ ржирж╛ ржХрзЗржи?,2
ржмрзЗржкржжрж╛рзЯ ржЪрж▓рж╛ ржлрзЗрж░рж╛ ржХрж░рж╛ ржХрж╛рж░ржгрзЗ ржПржЗ ржЕржмрж╕рзНржерж╛,1
ржорзЗрзЯрзЗржжрзЗрж░ ржПржХрж╛ ржЪрж▓рж╛ржлрзЗрж░рж╛ ржХрж░рж╛ рзЯрж╛ржмрзЗ ржирж╛ред,2
ржПржЗрж╕ржм ржорж╣рж┐рж▓рж╛ ржорзЗрзЯрзЗ ржирж╛ржорзЗ ржХрж▓ржВржХ ЁЯШС,1
ржорж╛рж▓ржЯрж╛ рж╣рж┐ржЯ ржЖржЫрзЗ рж░рзЗ ржорж┐рзЯрж╛ ржЦрж▓рж┐ржлрж╛ ржорждрзЛ,2
ржорж╣рж┐рж▓рж╛рж░рж╛ рж░рж╛рж╕рзНрждрж╛рзЯ ржирж╛ржорж▓рзЗ ржЖрж▓рзНрж▓рж╛рж╣рж░ ржЧржЬржм ржкрзЬржмрзЗ ржУржжрзЗрж░ ржЙржкрж░ ржПржЯрж╛ржЗ рж╕рзНржмржнрж╛ржмрж┐ржХ,2
ржнрж╛ржЗрж░рзЗ ржнрж╛ржЗ ржХрж┐ ржорж╛рж▓ ржЧрзБрж▓рж╛ ржЧрзБрж▓рж╛,2
ржорж╛рж▓ржЯрж╛ ржжрзЗржЦрж▓рзЗ ржХрзЗржоржи ржХрзЗржоржи рж▓рж╛ржЧрзЗ,2
ржПржЗ рж╕ржорж╕рзНржд ржХрзБрждрзНрждрж╛ ржжрзЗрж░ ржХрзЗ ржкрзБрж░рзБрж╖рж╛ржЩрзНржЧ ржХрзЗржЯрзЗ ржжрзЗрзЯрж╛ ржЙржЪрж┐рзО,2
ржЗ ржмрзЗрж╢рзНржпрж╛ рж░рзЗ ржмрж┐рзЯрзЗ ржХрж░рж▓рзЗ рждрж╛рж░ ржЖрж░ ржЬрж╛рж╣рж╛ржирзНржирж╛ржорзЗ ржпрж╛ржУрзЯрж╛рж░ ржЬржирзНржп рж╣рж┐рж╕рж╛ржм ржирж┐ржмрзЗ ржирж╛ ржЖрж▓рзНрж▓рж╛рж╣,1
ржПржЯрж╛ рж╣рж▓рзЛ ржПржХржЯрж╛ ржмрж╛рж░рзЛржнрж╛рждрж╛рж░рж┐,1
ржжрзЗржЦрждрзЗ ржкрзЛрж░рж╛ ржкрзЗрждржирж┐рж░ ржоржд,1
"ржЪрж┐рж░ржХрзБржорж╛рж░ ржирж╛рж░рзЗ ржнрж╛ржЗ,ржЪрж┐рж░ ржкрж╛ржарж╛ред",1
ржХрж╛ржкрзБрж░рзБрж╖ рж╕рзНржмрж╛ржорзА,2
ржирж╛рж░рзАрж░ ржХрзНрж╖ржорждрж╛рзЯржи ржмрзЗрж╢рж┐ рж╣рзЯрзЗ ржЧрзЗржЫрзЗ,2
ржирж╛рж░рзАржжрзЗрж░ ржпрждржЯрж╛ рж╕рж╣ржЬ рж╕рж░рж▓ ржнрж╛ржмрзЗржи рждрждржЯрж╛ рж╕рж╣ржЬ-рж╕рж░рж▓ ржирж╛ред,1
ржорж╛ржирзБрж╖ ржПржд ржмрзЗржХрзНржХрж▓ рж╣рждрзЗ ржкрж╛рж░рзЗ ржЖржорж┐ ржЖржЬ ржкрзНрж░ржержо ржжрзЗржЦрж▓рж╛ржо,2
рждрзЛржорж╛рж░ ржкрж╛ржЧрж▓рзЗрж░ ржмрж╛ржЪрзНржЪрж╛ ржЖрж░ ржХрзЯ ржЬржи ржЖржЫрзЗ,2
ржЗрж╕рж▓рж╛ржорзЗ рждрзЛ ржирж╛рж░рзА ржЬрж╛ржирзНржирж╛рждрзЗ ржпрж╛ржмрзЗржЗ ржирж╛редржирж╛рж░рзАрж░рж╛ ржЬрж╛рж╣рж╛ржирзНржирж╛ржорзАред,2
ржмрзБржЭрждрзЗ ржкрж╛рж░ржЫрж┐ рждрзЛрж░ ржЖржорзНржорж┐ ржПржХржЯрж╛ рждрж╛рж▓рж╛ржХ ржорж╛рж░рж╛ ржорж╛ржЧрзА ржЫрж┐рж▓рзЛ рж╕рж╛рж▓рж╛,2
ржЦрж╛ржиржХрж┐рж░ ржЫрзЗрж▓рзЗ ржПржЗржЧрзБрж▓рзЛ ржХрзЗржмрж▓ ржмрзНржпржкрж╕рж╛ ржорж╛ржЧрзАрж░ ржЫрзЗрж▓рзЗрж░рж╛ ржмрж▓рждрзЗ ржкрж╛рж░рзЗ ржЦрж╛ржиржХрж┐рж░ ржмрзЗржЯрж╛ рждрзЛрж░ ржЖржорзНржорж┐ржХрзЗ ржЪрзЛржжрж╛рж░ ржЬржирзНржп ржмрж╛ржБрж░рж╛ржЯрж╛ ржЖржорж╛рж░ ржЦрзЛржЯрж╛ржВ ржЦрзЛржЯрж╛ржВ ржХрж░ржЫрзЗ,2
ржЕржХрзНрж╕ржлрзЛрж░рзНржбрзЗрж░ рж╕ржм ржорж╛ржЗрзЯрж╛ ржорж╛ржЧрж┐,2
ржмрж╛ржВрж▓рж╛ржжрзЗрж╢рзЗрж░ ржорзЗржпрж╝рзЗржжрзЗрж░ ржорждрзЛ  ржкрж╛ржХрж┐рж╕рзНрждрж╛ржирзЗрж░ ржорзЗржпрж╝рзЗрж░рж╛ ржирж┐ржЬрзЗрж░ рж╕рзНржмрж╛ржорзАржХрзЗ ржЫрзЗржбрж╝рзЗ ржЕржирзНржп ржкрзБрж░рзБрж╖рзЗрж░ рж╕рж╛ржерзЗ рж░рж╛ржд ржХрж╛ржЯрж╛ржпрж╝ ржирж╛,2
ржзрзБрж░ рж╣рж┐ржЬрзЬрж╛ ржХрзЛржерж╛ржХрж╛рж░,1
ржЖржкржирж┐ ржнрзБрж▓ржнрж╛рж▓ ржмржХрж╛ ржмржирзНржз ржХрж░рзЗржи ... ржкрж╛ржЧрж▓ ржЫрж╛ржЧрж▓,1
рж╕рж╛ржжрж┐рзЯрж╛ ржЖрж╕рж▓рзЗржЗ ржорж╛ржЧрж┐ржП ржзрж░ржирзЗрж░ ржорзЗрзЯрзЗржжрзЗрж░ ржЬржирзНржп ржмржирзНржзрзБржжрзЗрж░ ржорж╛ржЭрзЗ ржЭржЧрзЬрж╛ рж╣рзЯред,1
ржарж┐ржХ рждрзЛ ржорзЗрзЯрзЗржЯрж╛ ржЦрж╛ржиржХрж┐,2
"ржУржЗ ржорж╛ржЗрзЯрж╛ рждрзЛ ржПржХ ржирж╛ржорзНржмрж░рзЗрж░ ржмрзЗрж╢рж╢рж╛ ржорж╛ржЧрж┐,,,,,,ред",2
рж╕рж╛ржжрж┐рзЯрж╛ ржирж╛ржорзЗрж░ ржорзЗрзЯрзЗрж░рж╛ ржоржирзЗ рж╣рзЯ ржЖрж╕рж▓рзЗржЗ ржЦрж╛рж░рж╛ржк рж╣рзЯ,2
ржорзЗрзЯрзЗрж░рж╛ ржПрж░рж╛ ржХрж░рзЛржирж╛рж░ ржерзЗржХрзЗржУ ржнрзЯржВржХрж░,1
ржорж╛ржЧрж┐ржУ рж╕ржмрж╛рж░ рж╕рж╛ржерзЗ рж░рж╛ржд ржХрж╛рждрж╛рзЯ,2
ржкрж╛рж╢рзЗ ржжрж┐рзЯрзЗ ржХрж┐ржЫрзБ ржХрж╛ржкрзБрж░рзБрж╖ ржЧрзЗрж▓,2
sunny leone ржУ рж▓ржЬрзНржЬрж╛ ржкрж╛рзЯ ржПржЗ ржорзЗрзЯрзЗрж░рзЗ ржжрзЗржЦрзЗ,2
рж╕рж╛рж▓рзА ржПржХржЯрж╛ ржорж╛ржЧрзАред рж╕рж╛ржирж┐ рж▓рж┐ржУржи ржПрж░ ржмрж╛рж╕рж╛рж░ ржХрж╛ржЬрзЗрж░ ржорзЗрзЯрзЗржУ рж╣рждрзЗ ржкрж╛рж░ржмрзЛ ржирж╛ ржмрж╕рзНрждрзА,2
"ржжрзЛрж╖ рждрзЛ ржЖржкржирж╛рж░, ржХржерж╛рзЯ ржЖржЫрзЗржирж╛ ржпрзЗржоржи ржорж╛ рждрж╛рж░ рждрзЗржоржи ржорзЗрзЯрзЗ",2
"ржПрж░ ржорж╛ ржПржХржЯрж╛ ржмрж┐рж╢рзНржм ржмрж┐ржЦрзНржпрж╛ржд ржмрзЗрж╢рзНржпрж╛,,,, ржЖрж░ ржмрж┐ржнрж┐ржирзНржи ржжрзЗрж╢рж┐ ржмрж┐ржжрзЗрж╢рж┐ рж╣рж╛ржЗржмрзНрж░рж┐ржб ржмрзАржЬрзЗрж░ рждрзИрж░рж┐ рж╣ржЪрзНржЫрзЗ ржПрж░ ржорзЗрзЯрзЗ.",2
ржмрзЗрж╢рж┐ рж╕рж╛ржзрж┐ржирждрж╛ ржжрж┐рзЯрзЗржПржЗрж╕ржм ржмрж╛рж░рзЛржмрж╛рждрж╛рж░рзА рж╣рзЯрждрзЗржЫрзЗ ржПржЗ ржмрзЯрж╕рзЗ ржПржоржи ржЖрж░рзЛрждрзЛ ржмрзЯрж╕ ржкрж░рзЗ рж░рзЯрзЗржЫрзЗ ред,1
"рждрзЛрж░ ржорзЗрзЯрзЗрж░ рж╕рж╛ржерзЗ рждрзБржЗржУ ржжрзЛржЬржЦрзЗрж░ ржЖржЧрзБржи ржП ржЬрзНржмрж▓ржмрж┐,,ржлрж╛рж▓рждрзБ ржХрзЛржерж╛ ржерзЗржХрзЗ ржпрзЗ ржорж╛ржЭрзЗ ржорж╛ржЭрзЗ ржПржЗрж╕ржм ржмрж╛рж▓ ржЫрж╛рж▓ ржЙржжрж╛рзЯ рж╣рзЯ,,,",1
ржорж╛ ржпрзЗржоржи ржЦрж╛ржиржХрж┐ ржорзЗрзЯрзЗ ржХрзЗржУ рждрзЗржоржирж┐ ржЦрж╛ржиржХрж┐ ржмрж╛ржирж╛ржЗржЫрзЗ,2
ржорж╛ рж┐ ржЯрж╛рж░ ржирж╛ржо ржХрж┐,1
ржУрж░ ржорж╛рзЯ ржЖрж░рзЛ ржмрзЬ ржмрж╛рж░ржнрж╛рждрж╛рж░рж┐,2
ржорж╛ ржорж╛рзЯрзЗ ржжрзБржЬржи ржУржЗ ржорж╛ржШрж┐ ржкрж╛рж░рж╛рзЯ ржЫрж┐рж▓рзЛ,2
ржкрждрж┐рждрж╛рж▓рзЯ ржжрж┐рзЯрзЗ ржжрзЗ рждрж░ ржорзЗрзЯрзЗржХрзЗ ржмрзНржпржмрж╕рж╛ ржЦрзБржм ржнрж╛рж▓рзЛ ржЪрж▓ржмрзЗ,2
ржирж╖рзНржЯ ржорж╛рзЯрзЗрж░ ржирж╖рзНржЯ ржорзЗрзЯрзЗ,2
рждрзЛрж░ ржЪрзЗрзЯрзЗ рждрзЛрж░ ржорж╛ ржмрзЬ ржорж╛ржЧрж┐ред рждрзЛрж░ ржорж╛ ржПрж░ ржорзБржЦ ржЯрж╛ ржжрзЗржЦрж╛ред,2
ржУрж░ ржорж╛ржУ ржПржХржЯрж╛ ржЦрж╛ржиржХрж┐,2
"ржУрж░ ржХрж┐ ржПржЯрж╛ ржЖрж╕рж▓рзЗржЗ ржорж╛,, ржирж╛ржХрж┐ ржЕржирзНржп ржХрж┐ржЫрзБ рж╣рзЯ,ржЖрж░ ржпржжрж┐ ржорж╛ рж╣рзЯ рж╕рж┐рзЯрж░ ржкрждрж┐рждрж╛",2
ржХржЗ ржерзЗржХрзЗ ржЖрж╕рзЗ ржПржЗрж╕ржм ржкрждрж┐рждрж╛рж░рж╛,1
ржорзЗрзЯрзЗ ржПржХржЯрж╛ ржмрзЗрж╢рзНржпрж╛ ржорж╛ рж╣рзЛржЪрзНржЪрзЗ рж╕рж┐ржирж┐рзЯрж░ ржмрзЗрж╢рзНржпрж╛,2
ржмрзЗрж╢рзНржпрж╛рж░ ржкрзЗржЯрзЗ ржмрзЗрж╢рзНржпрж╛ рж╣ржмрзЗ ржПржЯрж╛ржЗ рж╕рж╛ржнрж╛ржмрж┐ржХ,2
"ржЦрж╛ржирзНржХрж┐ ржорж╛ржЧрзА ржмрж╛ржВрж▓рж╛ржжрзЗрж╢рзЗрж░ ржорж╛ржЗрзЯрж╛ ржнрж╛ржмрждрзЗржЗ ржЕржмрж╛ржХ рж▓рж╛ржЧрждрзЗржЫрзЗ,ржЫрж┐ ржЫрж┐ ржЫрж┐,ржУрж░ ржнрж┐ржбрж┐ржУ ржПрждржЯрж╛ ржирзЛржВрж░рж╛ ржмрж▓рж╛рж░ ржнрж╛рж╖рж╛ ржирж╛ржЗ",2
ржмрзЗржпрж╛ржжржк ржорзЗрзЯрзЗ ржЦрж╛ржиржХрж┐ ржорж╛ржЧрж┐ рждрзЛрж░ ржорзЗрзЯрзЗрж░ ржПржЗ ржмрзЗржкрж╕рж╛,2
ржкрждрж┐рждрж╛рж░ ржШрж░рзЗ ржкрждрж┐рждрж╛,1
"ржПржЗ рж╕ржм ржорж╛рзЯрзЗржжрзЗрж░ ржЬржирзНржпржЗ ржЖржЬ рж╕ржорж╛ржЬрзЗрж░ ржПржЗ ржЕржмрж╕рзНрждрж╛ ,,ржШрзГржирж╛ ржЬрж╛ржирж╛ржЗ ржПржЗрж╕ржм ржлрж╛рж▓рждрзБ ржорж╣рж┐рж▓рж╛ржжрзЗрж░",2
ржЖрж░рзЗ рждрзБрж░рж╛ ржорж╛ ржорзЗрзЯрзЗ рждрзЛ ржорж╛ржЧрж┐рж╕рж╛рж▓рж╛ржо ржжрзЗржЫ ржХрзЗржирзЛ,2
ржорж╛ ржорзЗрзЯрзЗ ржХрзЗ ржХрзБрждрзНрждрж╛ ржжрж┐рзЯрж╛ ржмржЗрж░рж╛ ржжрж┐ржмрзЛ,2
ржмрзЗрж╢тАНрзНржпрж╛рж░ ржмрж╛ржЪрзНржЪрж╛ рждрзЛ ржмрзЗрж╢тАНрзНржпрж╛ржЗ рж╣ржмрзЗ,2
"ржХрзЗржоржи ржкрждрж┐рждрж╛ рж░рзЗ ржнрж╛ржЗ ржПржЯрж╛,,,ржПржЯрж╛рж░ ржкрзБрж░рж╛ ржкрж░рж┐ржмрж╛рж░ ржоржирзЗ рж╣рзЯ ржкрждрж┐рждрж╛216",2
ржХрж┐ржирзНрждрзБ ржЖржкржирж┐ ржЖржкрзБ ржХрзЗржоржи ржорзЗржпрж╝рзЗ ржпрзЗ ржкрзНрж░рзЗржорзЗрж░ 14 ржжрж┐ржирзЗрж░ ржорж╛ржерж╛ржпрж╝ ржЪрзБржжрждрзЗ ржжрзЗржиред ржЖрж╕рж▓рзЗ ржЖржкржирж╛рж░ ржорждрзЛ ржорзЗржпрж╝рзЗрж░ ржЧрзБржжрзЗ ржзрзЛржи ржжрж┐ржпрж╝рзЗ ржХрж┐ржЫрзБ рж╣ржпрж╝ ржирж╛ ред,2
ржПрждрзЛ ржЧрзНрж░рж╛ржорзНржп ржмрзЗрж╢рзНржпрж╛ ржорзЗрзЯрзЗ ржХрзЛржерж╛ржХрж╛рж░,2
ржПржЯрж╛ ржХрж┐  рж╕рждрзНржпрж┐  рж╣рзЯрзЗржЫрзЗ  ржмрж┐рж╢рзНржмрж╛рж╕ рж╣рзЯ  ржирж╛  ржПржЗрж░ржХржо  ржорж╛ржЧрж┐  ржпржжрж┐  ржЖржорж╛рж░  рж╣рждрзЛ  рж╢рж╛рж▓рзАржХрзЗ  ржжрзБржЗржжрж┐ржирзЗ  рж╕рзЛржЬрж╛  ржХрж░рзЗ  ржжрж┐рждрж╛ржо,1
"ржЦрж╛ржиржХрж┐рж░ ржорж╛ржЧрзА ржорзЗрзЯрзЗржжрзЗрж░  ржЕрждрзЛ ржЕрж╣ржВржХрж╛рж░ ржнрж╛рж▓рзЛ ржирж╛,,,	",2
рж╕рждрзНржпрж┐  ржПржоржи ржорзЗрзЯрзЗ  ржХрж╛рж░рзЛ  ржШрж░рзЗ  ржпрж╛рждрзЗ  ржирж╛ ржЬржирзНржорж╛рзЯ ...рж╢рж╛рж▓рзА  рж░рж╛ржХрзНрж╖рж╕рзА ...ржбрж╛ржЗржирж┐ ..,1
рж╢рж╛рж▓рзА ржорж╛ржЧрзА ржПржХржЯрж╛ ржЦрж╛ржВржХрж┐ рж░рж┐тАМржЬрзЗржХтАМржЯрзЗржб ржорж╛рж▓ ред,2
ржЕржкрзБрж░ ржорждрзЛ ржорж╛ржЧрзАрж░рж╛ рж╕рзЗржХрзНрж╕ ржПрж░ ржЬржирзНржп рж╕ржм ржХрж░рждрзЗ ржкрж╛рж░рзЗ ржорж╛ржЧрж┐,2
ржЦрж╛ржиржХрж┐  ржЧрзБрж▓рзЛрж░  ржнрж╛рж▓рзЛ ржкрж░рж┐ржмрж╛рж░  ржЬрзЛржЯрзЗ  ржЖрж░  ржпрж╛рж░рж╛  ржнрж╛рж▓рзЛ  рждрж╛рж░рж╛  ржЦрж╛рж░рж╛ржк  ржкрж╛ржЗ,1
ржПржЗ ржорзЗрзЯрзЗ  ржПржХржЯрж╛  ржЦрж╛ржиржХрж┐ ржорж╛ржЧрж┐ ржУржжрзЗрж░ ржорждрзЛ ржорж╛ржЧрзАржжрзЗрж░ ржЬржирзНржп ржПржЗ ржЕржмрж╕рзНржерж╛,1
ржЕржкрзБ рждрзБржЗ ржПржХржЯрж╛ ржорж╛ржЧрзАрж░ ржШрж░рзЗрж░ ржорж╛ржЧрж┐,2
"ржПржЗ ржзрж░ржирзЗрж░ ржЦрж╛ржиржХрж┐рж░ ржЫрзЗрж▓рзЗ ржЧрзБрж▓рзЛ ржПржЗ рж░ржХржоржЗ рж╣рзЯ, ржПржжрзЗрж░ ржХрзЛржи ржЬрж╛ржд ржирж╛ржЗ, ржПрж░рж╛ рж╕рж╛рж░рж╛ ржжрж┐ржи ржПржЗ ржХрж╛ржЬ ржХрж░рзЗ ржмрзЗрзЬрж╛рзЯ	",1
ржЦрж╛ржиржХрж┐ ржорж╛ржЧрж┐ рждрзЛрж░ ржорж╛ ржЦрж╛ржиржХрж┐ рждрзЛрж░ ржмрж╛ржмрж╛ ржорж╛ржЧрж┐,2
ржЖржорж┐ ржЪрж╛ржЗржирж╛ ржПржЗ ржмрзЗржЗржорж╛ржи ржорж╛ржЧрзАрж░рж╛ ржЖрж░ ржХрзЛржи ржмрзЗржЗржорж╛ржи рж╕ржирзНрждрж╛ржи ржЬржирзНржо ржжрзЗржЧ,2
ржПржЗ  ржЫрзЗрж▓рзЗржЯрж╛  ржПржХржЯрж╛ рж╣рж┐ржЬрзЬрж╛  рждрж╛рж░  ржПржЗ  рж░ржХржоржЗ  рж╣ржУрзЯрж╛  ржжрж░ржХрж╛рж░  ржЫрж┐рж▓,2
ржкрж░рзАржоржирж┐  ржПржХржЯрж╛  ржорж╛ржЧрж┐ ... ржХрж╛ржЬ  ржХрж░рж▓рзЗржЗ  ржпрзЗ  ржПрждрзНржд  ржХрж╖рж╛ржХрж╖рж┐  рж╣рждрзЗ  рж╣ржмрзЗ ..... рж╢рж╛рж▓рзА  ржорж╛ржЧрж┐,2
ржкрж╛ржЧрж▓рж╛  ржЪрзБржжрж╛  ржорж╣рж┐рж▓рж╛ ржПржЗрж░ржХржо ржорж╣рж┐рж▓рж╛ ржХрзЗ ржнрж╛рж▓рзЛ ржХрж░рзЗ ржЪрж┐ржирж┐,2
рждрзЛрж░ ржмрзМ ржЖржорж╛ржХрзЗ ржжрж┐ржпрж╝рзЗ ржЧрзЛржжрзЗрж░ ржЬрж╛рж▓рж╛ ржорж┐ржЯрж╛ржмрзЗ,2
ржоржирзЗ рж╣рзЯ рж╣рзЗрждрзЗрж░ ржмрж╛ржкрзЗ рж╣рзЗрждрзЗрж░ ржорж╛рзЯрзЗрж░ ржкрж░рзНржжрж╛ ржлрж╛ржЯрж╛ржирж┐ ржирж╛ рж▓рж╛ржЧрж╛ржирж┐ ржЖржЧрзЗ ржжрзЗржЗржЦрж╛ ржирж┐рзЯрж╛ржЗ ржмрж┐рзЯрж╛ржд ржмржЗржЫрж┐рж▓рзЛред,2
рж╕рж╛ржмрж╛ржмрзЗрж░ ржорж╛рж░рзЗ ржЪрзБржжрж┐ рж╕ржм ржЪрзБржжрж┐рж░ ржкрзЛрж▓рж╛ рждрж░рж╛ ржиржЯрж┐ ржорж╛ржЧрзАрж░ ржкрзЛрж▓рж╛ рждржЧрзЛ ржХрзБрждрзНрждрж╛рзЯ ржЪрзБржжрзЗ ржЬржирзНржо ржжрж┐ржЫрзЗ,2
"ржорзЗрзЯрзЗржЯрж╛ ржЖрж╕рж▓рзЗржЗ ржПржХржЯрж╛ ржорж╛рждрж╛рж░рзА, рж▓рзЗрж╕ржмрзБ ржкрж╛рж░рзНржЯржирж╛рж░ ржмрж╛ржЪрж╛ржЗ ржХрж░ржмрж┐ ржнрж╛рж▓рзЛ ржХржерж╛ ржХрж┐ржирзНрждрзБ ржЖржЧрзЗ ржЦрзЗрзЯрж╛рж▓ ржХрж░ржмрж┐ ржирж╛ ржпрзЗ ржорзБржЫ ржЖржЫрзЗ???",2
ржкрж╛рж╕рзЗрж░ ржжрзБржз ржмржбрж╝ ржорж╛рж▓ржЯрж╛ ржХрзЗрж░рзЗ ржЖрж░рж┐ржл ржнрж╛ржмрж┐ ржирж┐,2
ржжрзБржЗ ржорж╛ржЧрзА ржПржХрж╕рж╛ржерзЗ ржПржХржЗ ржЬрж╛рзЯржЧрж╛рзЯ,2
рж╣рж╛рж▓рж╛рж░ ржкрзБрждрзЗ ржХрж┐ ржЫрзЗрж▓рзЗ ржирж╛ ржорзЗрзЯрзЗ ржирж╛ рж╣рж┐ржЬрж▓рж╛ ржХрж┐ржЫрзБржЗ ржмрзБржЬрж╛ ржЬрж╛рзЯ ржирж╛,2
ржмрзЗрж╢рзНржпрж╛ ржорж╛ржЧрзАрж░ржЭрж┐  рждрзЛржжрзЗрж░ ржорждрзЛ ржорж╛ржЗрзЯрж╛ржЧрзЛрж░ ржЬржирзНржп ржорж╛ржЗрзЯрж╛ржЧрзЛ ржмржжржирж╛ржо рж╣рзЯ,1
ржХрж┐рж░рзЗ рж╣рж┐ржЬрзЬрж╛,2
рж╣рж╛рж▓рж╛рж░ржкрзБрждрзЗ ржорж╛ржЗрзЯрж╛ржЧрзЛ ржмрзНрж▓рж╛ржЙржЬ ржкржЗрж░рж╛ ржЖржЗржЫрзЗ рждрж╛ржУ ржЖржмрж╛рж░ рж▓рж╛рж▓ рж░ржВржпрж╝рзЗрж░,2
рж╣рж╛ржл рж▓рзЗржбрж┐рж╕ ржорж╛ржЗрзЯрж╛ржЧрзЛ ржорждрзЛ ржХрж░рж╕ ржХрзЗржи,2
ржУрж░рзЗ рж╣рж┐ржЬрзНрж░рж╛ рж░рзЗ,2
рждрзЛрж░ ржжрзБржж ржЭрзБрж▓рзЗ ржкрзЬрзЗржЫрзЗ рж░рзЗ рж╣рж╛ржЧрж╛рж░ ржкрзЛ,2
ржорзЗрзЯрзЗ рж╕рзЗржЬрзЗржЫрж┐рж╕? рж╢рж╛рж▓рж╛ ржорж╛ржжрж╛рж░рж╕рзБржж,2
ржЖржЬржХрзЗ ржпржжрж┐ ржмрзНрж░рж╛ржЬрж┐рж▓рзЗрж░ ржХрж┐ржЫрзБ рж╣рзЯ рждрж╛рж╣рж▓рзЗ ржорж╛ржирзНржжрж╛рж░рзЗрж░ржкрзЛ ржШрзЗрж░рж╛рж░ржкрзЛ рждрзЛрж░рзЗ ржУржкрзЗржирзЗ рж╣рж┐ржЬрзЬрж╛ ржжрж┐рзЯрж╛ ржзрж░рзНрж╖ржг ржХрж░рж╛ржирзЛ рж╣ржмрзЗ,2
рждрзБржЗ ржорж╛ржЗрзЯрж╛ ржХржмрзЗрждрзНрждрзЗ? ржЖржЧрзЗ рждрзЛ ржЖржЫрж┐рж▓рж┐ рж╣рж┐ржЬрж░рж╛ ржмрж╛ржмрж╛ рждрж╛ржмрж┐ржЬрзНржЬрж╛ред,2
рж╣рж╛рж▓рж╛рзЯ ржпрзЗ рж╣рж┐ржЬрж▓рж╛ рждрж╛рж░ ржкрзНрж░ржорж╛ржи ржлрзЛржирзЗрж░ ржХрж╛ржнрж╛рж░ржЯрж╛ржУ ржорж╛ржЗрзЯрж╛ржЧрзЛ ржХрж╛ржнрж╛рж░ рж▓рж╛ржЧрж╛ржЗржЫрзЗ,1
ржЖрж░рж┐ржл рждрзБржорж┐ ржорж╛ржЗрзЯрж╛рж░ ржЪрзНржпрж╛ржЯрзЗрж░ ржмрж╛рж▓ рж╣рж┐ржЬрж╛рж░рж╛ рждрж╛ржмрж┐ржЬрзЗрж░ ржЪрзБржЗржжрзНржжрж╛ ржЙржарж╛ржУ ржЧрзЛрзЯрж╛рж░ ржЫрж╛рж▓ред,2
ржХржорзЗржирзНржЯрзЗрж░ ржЙрждрзНрждрж░ ржирж╛ ржжрж┐рж▓рзЗ рждрзЛрж░ ржорж╛ржХрзЗ ржЪрзБржжрж┐,2
рждрж░рзЗ ржжрзЗржЦрзЗ рж╣рж┐ржЬрж░рж╛ рж╕ржорзНржкрзНрж░ржжрж╛рзЯ рж▓ржЬрзНржЬрж╛ ржкрж╛рзЯ рж╣рзНрж▓рж╛ ржЖржЪрзБржжрж╛ ржмрж╛рж▓,1
рж╕ржм ржжрзЛрж╖ ржЖрж╕рж▓рзЗ ржорзЗржпрж╝рзЗржжрзЗрж░ржЗ рждрж╛рж░рж╛ ржпржжрж┐ ржарж┐ржХржоржд ржирж╛ ржерж╛ржХрзЗ ржЖржорж╛ржжрзЗрж░ ржХрж┐ ржжрзЛрж╖,1
ржЖрж╕рж▓рзЗ ржПрж╕ржм ржзрж░рзНрж╖ржгрзЗрж░ ржкрзЗржЫржирзЗ ржорзЗржпрж╝рзЗржжрзЗрж░ржЗ рж╣рж╛ржд,2
ржХрж╛рж▓ржХрзЗ ржжрзЗржЦрж▓рж╛ржо ржмрж╛ржЪрзНржЪрж╛ ржорзЗржпрж╝рзЗ ржзрж░рзНрж╖ржгрзЗрж░ рж╢рж┐ржХрж╛рж░редржПржжрзЗрж╢рзЗрж░ ржХрзЛржирзЛ ржнржмрж┐рж╖рзНржпржд ржирзЗржЗ,1
"рждрзБржЗ ржХрзА ржорж╛ржЧрж┐рж░ ржкрзБржд ржирж╛ржХрзА рж╣рж┐ржЬрж░рж╛рж░ ржкрзБржд,,",2
рждрзЛрж░ ржорзБржЦржЯрж╛ ржХрзБржХрзБрж░рзЗрж░ ржкрзБржЯржХрж┐рж░ ржорждрзЛред рж╕рж╛рж▓рж╛ рж╣рж┐ржЬрж░рж╛,2
рж╕рж╛рж▓рж╛ рждрж░ ржХрж╛рж░ржгрзЗ ржЬрж╛рждрж┐ ржПржЦржи ржкрж╛ржирзНржЬрж╛ржмрж┐ ржЧрж╛рзЯрзЗ ржжрж┐рждрзЗ ржкрж╛рж░ржмрзЗржирж╛ рж╣рж┐ржЬрж▓рж╛ рж╣рзНрж▓рж╛рж░ ржкрзБржд,2
рждрзБрж░ ржорж╛ ржпрзЗ ржЪрж╛ржорзЬрж╛рж░ ржмрзНржпрж╛ржмрж╕рж╛ ржХрж░рзЗ рждрзБржХрзЗ ржЬржирзНржорзЛ ржжрж┐ржЫрзЗ рж╕рзЗржЗржЯрж╛рж░ ржкрж░рж┐ржЪрзЯ ржПржЦрж╛ржирзЗ ржжрзЗржУрзЯрж╛рж░ ржжрж░ржХрж╛рж░ ржирзЗржЗ,2
ржорж╛ ржорж░рж╛ ржЫрзЗрж▓рзЗржЯрж╛ ржорж╛ ржжрж┐ржмрж╕рзЗ рж░рж╛рж╕рзНрждрж╛рж░ ржЦрж╛ржиржХрж┐ ржХрзЗ ржорж╛ ржмрж╛ржирж┐рзЯрзЗ ржЖржжрж░ ржирж┐ржЪрзНржЫрзЗред,2
рждрзЛржорж╛рж░ ржорж╛рзЯрзЗрж░ ржжрзБржжрзБ ржЦрж╛ржУ рж╣рж┐ржЬрзЬрж╛,2
"ржпржжрж┐ рждрзБржЗ ржкрзЛрж▓рж╛ ржирж╛ рж╣ржЗрзЯрж╛ ржорж╛ржЗрзЯрж╛ рж╣ржЗрждрж┐ рждрж╛ржЗрж▓рзЗ рждрзЛрж░рзЗ ржЪрзБржжрзЗ ржЖржЧрзЗ ржнрзЛржжрж╛ рждрж╛рж░ржкрж░ ржкрж╛ржЫрж╛,ржЖрж░ рждрж╛рж░ржкрж░ рждрзЛрж░ ржорж╛рзЯрзЗрж░ ржнрзЛржжрж╛ рждрж╛рж░ржкрж░ ржкрж╛ржЫрж╛ ржЖрж░ рж╢рзЗрж╖ ржХрж╛рж▓рзЗ ржорзБржЦрзЗ ржЪрзБржжрзЗ ржорзЗрж░рзЗ ржлрзЗрж▓рждрж╛ржо ржпрж╛рждрзЗ рждрзЛрж░ ржорждрзЛ рж╣рж┐ржЬрж░рж╛ ржЖрж░ ржирж╛ ржЬржирзНржорж╛рзЯред",2
ржорзЗржШрж▓рж╛ ржжрж┐ржирзЗ ржПржХрж▓рж╛ ржкрзЗрзЯрзЗ ржХрж┐ ржкрж░рж┐ржорж╛ржи ржкрж╛рж╢рж╛ ржЦрзЗрж▓рж▓рзЛ ржжрзБржжрзБржЯрж┐ рж╕ржоржХрж╛ржорзА ржмрж┐ржЪрж┐ржУрзЯрж╛рж▓рж╛ ржЖржкрзБ,2
ржЧрзЗ ржЦрж╛ржиржХрж┐рж░ ржкрзЛрж▓рж╛ ржжрзБржЗржЯрж╛ ржПржХ рж╣ржЗржЫрзЗ ржЕржирзЗржХ ржжрж┐ржи ржкрж░ рж╢рж╛рж▓рж╛ рж╕ржоржХрж╛ржорзА,2
рж╢рж╛рж▓рж╛ рж╣рж┐ржЬрж▓рж╛ ржмрзЗржЬрж╛ржорзНржорж╛рж░ ржкрзЛрж▓рж╛ ржПржЦржи рж▓ржЧрзЗ ржорж╛ржЗрзЯрж╛ рж▓ржЗрзЯрж╛ рж╕рзБржжрж╛ ржжрж┐рждрзЗ ржпрж╛рзЯ ржУрж░рзЗ ржХрзЗржЙ ржУрж░рзЗ ржорж╛ржЗрж░рж╛рж▓рж╛,2
"рж▓рж╛рж▓ ржЖржкрж╛ рж╕ржоржХрж╛ржорзА ржУржЗржЧрзБрж▓рж╛ ржнрж╛рж▓ ржирж╛рж╣,ржЖржкржирж╛рж░ ржХрж┐ ржирж╛ржЗ ржпрзЗ ржЖрж░рж┐ржлрж╛ ржЖржлрж╛рж░ ржбрж╛ ржжрзЗржЦржЫрзЗржи,ржирж╛ржХрж┐ ржЖрж░рж┐ржлрж╛ ржЖржкрж╛рж░ ржирж▓ржХрзБржкрзЗрж░ ржЧржнрзАрж░рждрж╛ ржорж╛ржкрждрзЗржЫрзЗржи???",1
ржЦрж╛ржиржХрж┐рж░ ржкрзЛрж▓рж╛ рж▓рж╛рж▓ ржбрзНрж░рзЗрж╕ ржкрж░рж╛ ржорж╛ржШрж┐ржЯрж╛рж░рзЗ ржЪрзБржжрж┐рзЯрж╛ ржорж╛ржШрж┐ржЯрж╛рж░ ржкрж╛ржЪрж╛рж░ ржХрж┐ рж╣рж╛рж▓ ржХрж░ржЪрзЗ ржжрзЗржЦ////ржЖрж░ ржоржирзЗрж╣рзЯ ржХрж╛рж▓рж╛ ржорж╛ржШрж┐ржЯрж╛рж░ рж╕рзЛржирж╛ ржЪрзБрж╢рждрзЗ ржЪрзБрж╢рждрзЗ ржПрждржжрж┐ржирзЗ рж▓рж╛рж▓ ржХржЗрж░рж╛ ржкрзЗрж▓ржЪрзЗ,2
ржЖрж░рж┐ржл ржнрж╛ржЗрзЯрж╛ ржХрж╛рж▓рзЗрж╛ ржкрзЗржирзНржЯ ржПрж░ ржорзЗрзЯрзЗ ржЯрж╛рж░ рж░рзЗржЯ ржХржд ржЦрзБржм ржЪрзБржжрзНржжрзЗ ржЗржЪрзНржЫрж╛ ржХрж░рждрж╛ржЫрзЗ,2
ржкрзНржпрж╛ржирзНржЯ ржкрзЬрж╛ ржорж╛рж▓ ржЯрж╛рж░ ржкрж╛ржЫрж╛ ржЬрзЛржЪ,2
ржлржХрж┐ржирзНржирж┐рж░ ржкрзЛрж▓рж╛ред ржХрзБржХрзБрж░рзЗрж░ ржорзЗрзЯрзЗрж░рж╛ ржорж╛ржЧрж┐  ржХрзЛржерж╛ржХрж╛рж░  ржХржд ржирзЗрж╕,2
ржоржбрзЗрж▓ ржЖрж░рж┐ржл ржПрж░ ржмржЙрж░рзЗ ржЪрзБржжржорзБред,2
ржирждрзБржи ржмржЫрж░рзЗрж░ ржжрзБржЗ рж▓рзЗрж╕ржмрж┐рзЯрж╛ржи ржЖржЗржЫрзЗ ржкрзЛржирзНржжрж╛ ржЦрж╛ржЗрзЯрж╛,1
ржП ржжрзБржзрзЗрж▓ ржЧрж╛ржнрзА ржкрж╛ржЗрж▓рж┐ ржХрзЛржерж╛рзЯ ржЪрзБржжрж┐рж░ ржнрж╛ржЗ..?,2
ржПржЗ ржорж╛рж▓ржЯрж╛рж░рзЗ ржЖржорж┐ ржЪрж┐ржирж┐... ржирж┐ржЙ ржорж╛рж░рзНржХрзЗржЯ ржПрж▓рж╛ржХрж╛рзЯ ржжрзЗрж╣ ржмрзНржпржмрж╕рж╛ ржХрж░рждрзЛред,2
"рждрзЛржорж╛рж░ ржирж┐ржЙ ржкрж╛рж░рзНржЯржирж╛рж░, рж▓рзЗрж╕ржмрж┐рзЯрж╛ржи ржорж╛ржЧрж┐",1
рждрзЛрж░ ржЖржорзНржорж╛ ржЦрж╛ржиржХрж┐рж░ ржкрзЛрж▓рж╛ рж╕рж╛рж▓рж╛ ржЖржмрзБржЗрж▓рзНрж▓рж╛,2
"ржнрж╛ржЗ ржорж╛рж▓ржбрж╛ ржЖржорж╛рж░рзЗ ржПржХржжрж┐ржирзЗрж░ ржЬржирзНржп ржжрзЗ, ржЦрзЗржЗрж▓рзНрж▓рж╛ ржЖржмрж╛рж░ ржлрзЗрж░ржд ржжрж┐ржорзБ",2
ржПржЗ ржЦрж╛ржВржХрж┐ рж▓ржЧрзЗ ржЖрж░рж┐ржкрзНржкрж╛ ржмрж╛ржЗржЮрзНржЪрзБржжрзЗрж░ рж╕рзЗржХрзНрж╕ ржнрж┐ржбрж┐ржУ ржЖржЫрзЗ,2
ржмржЫрж░рзЗрж░ рж╢рзБрж░рзБрждрзЗ ржПржХ рж╣рж┐ржЬрзЬрж╛ ржЖрж░рзЗржХ рж╣рж┐ржЬрзЬрж╛ржХрзЗ ржкрзБрж░рж╕рзНржХрж╛рж░рж┐ржд ржХрж░ржЫрзЗ рзирзжрззрзн ржПрж░ рж╕рзЗрж░рж╛ ржарзЗрж▓рж╛ ржЦрж╛ржУрзЯрж╛рж░ ржЬржирзНржп!!,1
ржЙржорзНржорж╛ ржЙржирж┐ ржорзЛржЯрж╛ рж╣рж┐рж╕рж╛ржмрзЗред ржЙржирж╛рж░ ржжрзБржз ржмрзЗрж╢рж┐ ржмрзЬ ржирж╛ рждред,2
ржЖрж░рж┐ржкрзНржкрж╛ рждрзБрж░ ржирж╛ржирзАрж░ ржжрзБржзрзБ ржПрждрзЛ ржмржбрзНржбрж╛ ржмржбрзНржбрж╛ ржХрзЗржи. рждрзБржЗржирж┐ ржмржбрзНржбрж╛ ржХрж░ржЫржд. ржжрзБрж░ рж╣рж╛рж▓рж╛ ржЖржорж┐ ржмрзБрж▓рзЗ ржЧрзЗржЫрж┐ рждрзБржЗ ржирж╛ржХрж┐рж░ ржкрзЛрж▓рж╛ рждрзЛ рж╣рж┐ржЬрж░рж╛. рждрзБржЗ ржХрж┐ рж╣рзЗржирзНржбрж╛ ржХрж░ржмрж┐.,2
ржжрзБржзрзЗрж░ рж╕рж╛ржЗржЬ рждрзЛ рждрзЛрж░ ржорж╛ржерж╛рж░ ржерзЗржХрзЗржУ ржмрзЬ рж░рзЗ ржЖрж░рж┐ржкрзНржкрж╛,2
ржжрзБржЗржЯрж╛ржЗ рж╣рж┐ржЬрзЬрж╛ рж░рж╛рж╕рзНрждрж╛рзЯ рж░рж╛рж╕рзНрждрж╛рзЯ ржкрзБржирзНржжрж╛ржорж┐ ржХрж░рж╕ ржирж╛ржХрж┐,1
ржЖрж░рж┐ржкрзНржкрж╛рж░ рж░рзВржк ржжрзЗржЦрж┐ржпрж╝рж╛ржЫрж┐ ржЖржорж┐...рждрж╛ржЗ ржЖржорж┐ рж╣рж┐ржЬржбрж╝рж╛рж░ рж░рзВржк ржжрзЗржЦрж┐рждрзЗ ржЪрж╛ржЗ ржирж╛ ржЖрж░,1
ржЬрж╛рждрж┐ ржЬрж╛ржирждрзЗ ржЪрж╛рзЯ ржжрзЗрзЬ ржЗржЮрзНржЪрж┐ рж╣рж┐ржЬрж░рж╛ ржЖрж░рж┐ржл ржХрзЗржоржирзЗ ржоржбрзЗрж▓ рж╣ржЗрж▓рзЛ,1
ржХрзЗржоржи ржЬрж╛ржирж┐ рж╣рж┐ржЬрж▓рж╛ рж╣рж┐ржЬрж▓рж╛ рж▓рж╛ржЧрждрзЗржЫрзЗ рждрзЛрж░рзЗ рж╢рж╛рж▓рж╛,1
рждрзБржЗ ржЧрзЗред ржкрзЛрж▓рж╛ ржЦрж╛рж╕ рж▓рж╛ржЧрзЗ ржЖржорж╛рж░,2
рждрзБржЗ ржЖрж░ рждрзБрж░ ржмрж╛ржк ржЧрзЗ ржЖрж░ рждрзБрж░ ржорж╛ ржмржЗржи ржмрж┐ржмрж┐ рж▓рзЗрж╕ржмрж┐рзЯрж╛ржиред рж╕рж╛ржоржирзЗ ржкрж╛ржЗрж▓рзЗ рждрж░ ржХрж╛ржирзЗрж░ ржжрзБржЗ ржЖржВржЧрзБрж▓рзЗрж░ ржирж┐ржЪрзЗ ржжрж┐рждрж╛ржо,2
ржоржи ржЪрж╛ржЗрждрзЗржЫрзЗ рж╣рж┐ржЬрзЬрж╛ ржжрж┐рзЯрзЗ рждрзЛрж░ ржжрзБржз ржЯрж┐ржкрж╛ржЗред рж╣рж╛ржмрж╛ржЧрзЛржмрж╛ ржХрзЛржерж╛ржХрж╛рж░ред,2
рж╣рж╛рж▓рж╛рж░рзЗ ржЖржЬржХрзЗ рж╣рж┐ржЬрзЬрж╛ рж╣рж┐ржЬрзЬрж╛ рж▓рж╛ржЧрзЗ,1
"ржХрж┐ржЫрзБ ржорж╛ржирзБрж╖ ржЖржЫрзЗ ржпрж╛ржжрзЗрж░ ржирзБржирзБрж░ ржирж┐ржЪрзЗ ржмрж┐ржЪрж┐ ржирж╛ржЗ, ржУрж░рж╛ ржмрзЗржЬржирзНржорж╛ рж╣рж┐ржЬрзЬрж╛ржЪрзЛржжрж╛.....",2
рж╢рзБрзЯрж╛рж░ рждрзБржЗ рждрзЛ ржПржХржЯрж╛ ржЧрзЗ,2
ржкрзНрж░ржорж╛ржг ржХрж░рж▓рж┐ рждрзБржЗ ржЖрж╕рж▓рзЗ рж╣рж┐ржЬрж▓рж╛ рж╣рж╛рж▓рж╛рж░ржкрзЛ,2
"ржЖрж░рж┐ржкрзНржкрж╛ ржЬрж╛рждрж┐ ржжрзЗржЦрждрзЗ ржЪрж╛рзЯ ржмрж╛ржВржЪрзЛржж,рждрзБржЗ рж╣рж┐ржЬрж░рж╛ ржирж╛ржХрж┐ ржорж╛ржЗрзЯрж╛ ред ржорж╛ржжрж╛рж░ржЯрзЛрж╕рзНржЯ рждрзБржЗ рждрзЛ ржкрзЛрж▓рж╛ ржирж╛ ржПржЗржЯрж╛",2
ржЖрж╣рж╛рж░рзЗ рж╣рж┐ржЬрж░рж╛ ржмрж╛ржирзНржжрж┐рж░ ржкрзЛрж▓рж╛ рждрзБржЗ ржорж╛ржирзБрж╖ рж╣рзИрж▓рж┐ ржирж╛,2
ржПрж░ржЬржирзНржп ржорзЗрзЯрзЗржЯрж╛ ржжрж╛рзЯрзАредржПржЗ рж╕ржм ржорзЗрзЯрзЗржжрзЗрж░ ржХржерж╛ ржоржирзЗ ржирж╛ рж░рж╛ржЦрж╛ржЗ ржнрж╛рж▓рзЛред ржУрж╕ржм ржорзЗрзЯрзЗржжрзЗрж░ ржУрж░ржХржо рж╣ржУрзЯрж╛рзЯ ржнрж╛рж▓рзЛред ржПржЗ рж╕ржм ржирж┐рж░рзНрж▓ржЬрзНржЬ ржорзЗрзЯрзЗрж░ ржЬржирзНржп ржкрзБрж░рзЛ ржкрж░рж┐ржмрж╛рж░ржЯрж╛ржЗ рж╢рзЗрж╖ рж╣рзЯрзЗ ржпрж╛рзЯред,1
ржкрж░рзНржжрж╛ ржХрж░рзЗ рж╕ржм ржХрж╛ржЬ ржХрж░рж╛ ржпрж╛рзЯ ржирж╛ред рждрж╛ржЗ ржирж╛рж░рзАрж░ ржмрж╛ржЗрж░рзЗ ржпрж╛ржУрзЯрж╛ржЯрж╛ржУ ржжрж░ржХрж╛рж░ ржирж╛ржЗред,2
рж╢рж╛рж▓рзАрж░ ржорзБржЦрзЗ ржПржд ржоржзрзБ!!! ржХржерж╛ рж╢рзБржирж▓рзЗ ржХрзЛржи ржмрж╛ржкрзЗрж░ ржмрзЗржЯрж╛ ржмрзБржЭржмрзЗ ржирж╛ ржП ржпрзЗ ржПрждржмрзЬ ржХрзНрж░рж┐ржорж┐ржирж╛рж▓!!!,1
ржирж╛рж░рзА рж░ ржпрзМржи рж╕рзНржмрж╛ржзрзАржирждрж╛ ржорж╛ржирзЗ ржкрзБрж░рзБрж╖рзЗрж░ рж╕рж╛ржерзЗ ржпрзЗржЦрж╛ржирзЗ рж╕рзЗржЦрж╛ржирзЗ рж╢рзБржпрж╝рзЗ ржкрж░рж╛,2
рждрзБржЗ ржмрж╛ржЗржиржЫрзЛржж ржорж╣рж┐рж▓рж╛,2
ржорзЗржпрж╝рзЗржжрзЗрж░ рж▓ржЬрзНржЬрж╛ ржирзЗржЗ рж╕рзЗ рж╕ржмрж╛ржЗ ржЬрж╛ржирж┐,2
ржорзЗржпрж╝рзЗрж░рж╛ ржПржд ржЦрж╛рж░рж╛ржк ржмрж▓рж╛рж░ ржнрж╛рж╖рж╛ ржирж╛ржЗ,2
ржЫрж┐ржЫрж┐ржЫрж┐ ржПржЗ рж╕ржм ржорзЗрзЯрзЗржжрзЗрж░ ржЬржирзНржп ржкрзБрж░рзЛ ржорзЗрзЯрзЗржжрзЗрж░ ржмржжржирж╛ржо рж╣рзЯ,1
ржПржЗ ржорзЗрзЯрзЗ ржХрзЗ ржЬржиржЧржирзЗрж░ рж╕рж╛ржоржирзЗ рж░рзЗржЦрзЗ ржЬрж╛рж▓рж┐рзЯрзЗ ржжрзЗ ржЦрж╛ржиржХрж┐ ржорж╛ржЧрж┐,1
ржорзЗрзЯрзЗрж░рж╛ рж╣рж▓рзЛ ржХрж╛рж▓ ржирж╛ржЧрж┐ржирж┐ред,1
ржПржоржи рж╣рж╛ржЬрж╛рж░рзЛ ржмрж╛рж░рзЛ ржнрж╛рждрж╛рж░рж┐ ржорзЗрзЯрзЗ ржЧрж▓рж┐рждрзЗ,1
ржорзЗрзЯрзЗржЯрж┐ ржПржХржЯрж╛ ржЦрж╛ржиржХрж┐ рждрж╛рж░ ржХржарж┐ржи ржмрж┐ржЪрж╛рж░ рж╣ржУрзЯрж╛ ржЙржЪрж┐рждред,2
ржПржЗ рж╢рж╛рж▓рж┐рж░ ржмрзЛржзрж╛рж░ ржорж╛ржЭрзЗ ржорзБрзЬрж┐ржЪ рж▓рж╛ржЗржЧрж╛рж░ ржжрж░ржХрж╛рж░,2
ржУржЗ ржорзЗрзЯрзЗржжрзЗрж░ ржЬржитАНрзНржп ржжрзЗрж╢рзЗ ржПржЗ ржкрж░рж┐рж╕рзНрждрж┐рждрж┐,2
ржПржЗ ржорзЗрзЯрзЗржХрзЗ ржЙрж▓ржЩрзНржЧ ржХрж░рзЗ ржкрзЗржЯрж╛ржирзЛ рж╣рзЛржХред ржЖржорж┐ ржорзЗрзЯрзЗ рж╣рзЯрзЗ ржмрж▓ржЫрж┐,2
"ржмрж╛рж░рзЛржнрж╛рждрж╛рж░рзА ржирж╛рж░рзА,,ржХрж░рзЛржирж╛рж░ ржЪрзЗрзЯрзЗржУ ржорж╣рж╛ржорж╛рж░рзА,,",1
ржПржоржи ржмржЙ ржХрзЗ ржХрзБржмрж┐рзЯрзЗ ржорж╛рж░рзЛ,2
ржПржЗ ржзрж░ржирзЗрж░ ржХрж┐ржЫрзБ ржорзЗрзЯрзЗрж░ ржХрж╛рж░ржгрзЗ ржЖржЬ рж╕ржорж╛ржЬ ржЦрж╛рж░рж╛ржк,1
ржЦрж╛ржиржХрж┐ ржорж╛ржЧрзАрж░рж╛ рж╕рж╛рж▓рж╛ ржПржХржЯрзБ ржЦрж╛рж▓рж┐ рж╕ржорзЯ ржкрзЗрж▓рзЗржЗ ржЪрзЛржжрж╛рждрзЗ ржмрзЗрж╢рждрзЛ рж╣рзЯрзЗ ржкрж░рзЗ ржПржХ ржмрж╛рж░рзЛ рждрж╛рж░ рж╕рзНржмрж╛ржорзАрж░ ржХржерж╛ ржнрж╛ржмрзЗ ржирж╛ рждрж╛рж░ ржорж╛ ржмрж╛ржмрж╛рж░рзЛ ржХржерж╛ ржнрзЗржмрзЗ ржжрзЗржЦрзЗ ржирж╛,2
ржПржЗрж╕ржм ржорзЗрзЯрзЗржжрзЗ ржХрж╛рж░ржирзЗрж░ ржжрзЗрж╢ ржирж╖рзНржЯ рж╣ржЪрзНржЫрзЗ,1
ржПржЗ ржорзЗрзЯрзЗрж░рзЗ ржкржерж┐рждрж╛рж▓рзЯ ржжрж┐рзЯрзЗ ржЖрж╕рзЗржиредрж╕ржмржЪрзЗрзЯрзЗ ржнрж╛рж▓рзЛ рж╣рзЯ91,2
ржПржЗрж╕ржм ржмрзЗрж╣рж╛ржпрж╝рж╛ржкржирж╛ ржирж╛рж░рзАржжрзЗрж░ ржЬржирзНржп ржЗрж╕рж▓рж╛ржо ржУ ржорзБрж╕рж▓рж┐ржо ржЬрж╛рждрж┐рж░ ржмрж┐рж╢рж╛рж▓ ржХрзНрж╖рждрж┐ржЧрзНрж░рж╕рзНржд рж╣ржпрж╝рзЗ ржпрж╛ржЪрзНржЫрзЗ,2
ржХрзБржорж┐рж▓рзНрж▓рж╛рж░ ржорзЗрзЯрзЗрж░рж╛ ржЕржирзЗржХ ржЦрж╛рж░рж╛ржкржЫрж┐рж╣рзН,2
ржПржЗрж╕ржм ржорзЗржпрж╝рзЗржжрзЗрж░ ржЬржирзНржп рж╢рждрж╢ржд ржЫрзЗрж▓рзЗрж░ ржЬрзАржмржи ржирж╖рзНржЯред,2
ржПржЗрж╕ржм ржорзЗржпрж╝рзЗржжрзЗрж░ ржЬржирзНржп рж╢рждрж╢ржд ржорзЗржпрж╝рзЗрж░ ржорж╛ржирж╕ржорзНржорж╛ржи ржирж╖рзНржЯредржПржХрзЗ ржЬрзАржмрж┐ржд ржлрзБрж░рж┐ржпрж╝рзЗ ржорж╛рж░рж╛ ржЙржЪрж┐рзО1,1
ржПржЗ ржорж╛ржШрзАрж░ ржХрзЗ ржнрзБржжрж╛рж░ ржоржжрзНржжрзЗрж░ ржорж░рж┐ржЫ ржжрж┐рзЯрзЗ ржЫрзЗрж░рзЗ ржжрж┐ржи ржнрж╛рж▓ рж╣ржмрзЗ ржПрж╕ржм ржорж╣рж┐рж▓рж╛рж░ ржХрж╛рж░ржирзЗрж░ ржмрж┐ржжрж┐рж░рж╛ рж▓ржЬрзНржЬрждрзАржд рж╣ржЗ ржорж╛ржирзБрж╖рж╕рзЗрж░ ржоржирзЗ ржХрж╖рзНржЯ рж▓рж╛ржЧрзЗ ржнрж╛ржЗ,2
ржнрж╛ржЗ ржорзЗрзЯрзЗрж░рж╛ рж╢рзБржзрзБ ржЯрж╛ржХрж╛рж┐ ржЪрзЗржирзЛ рж╕рждрзНржпрж┐ ржХрж╛рж░рзЗрж░ ржнрж╛рж▓рзЛ ржмрж╛рж╕рж╛ ржмрзБржЬрзЗ ржирж╛,1
ржПржЗ рж╕ржм ржорзЗрзЯрзЗржжрзЗрж░ ржерзЗржХрзЗ ржжрзБрж░рзЗ ржерж╛ржХрзБржи ржЖрж░ ржкрж╛рж░рж▓рзЗ рждрж╛ржжрзЗрж░ржХрзЗ рж╕ржмрж╛рж░ ржерзЗржХрзЗ ржжрзБрж░рзЗ рж░рж╛ржЦрзБржи,1
ржПржЗ ржзрж░ржирзЗрж░ ржорзЗржпрж╝рзЗржжрзЗрж░ржХрзЗ ржЬрзНржмрж▓ржирзНржд ржЖржЧрзБржирзЗ ржирж┐ржХрзНрж╖рзЗржк ржХрж░рж╛ ржЙржЪрж┐ржд,2
рждрзБржЗ ржХрж┐ рж╣рж┐ржЬрзЬрж╛ ржЬрж╛рждрж┐ ржирж╛ржХрж┐ ржХрзБрждрзНрждрж╛ ржжрж┐рзЯрж╛ рждрзЛрж░ ржЧрзБрзЯрж╛ ржорж╛рж░рж╛ржЗ,2
ржПржХржЯрж╛ ржЫрж╛ржЧрж▓рзЗрж░ ржмрж╛ржЪрзНржЪрж╛ рждрзЛрж░рзЗ ржжрзЗржЦрждрзЗ ржкрзБрж░рж╛ржЗ рж╣рж┐ржЬржбрж╝рж╛ржжрзЗрж░ ржоржд рж▓рж╛ржЧрзЗред,1
рж╣рж┐ржЬрж░рж╛ ржирзБрж╕рж░рж╛ржд ржлрж╛рж░рж┐рж╣рж╛ ржЖрж╕рзНржд ржорж╛ржЧрзАрж░ ржорждрзЛ ржжрзЗржЦрждрзЗ рж▓рж╛ржЧрзЗ рж╢рж╛рж▓рж┐рж░рзЗ,2
ржЖрж░ ржПржЗ ржЫржмрж┐рждрзЗ ржЖржкржирж╛рж░рзЗ рж╣рж┐ржЬрж░рж╛рж░ ржоржд рж▓рж╛ржЧрзЗредред,1
ржЫрж┐ржЫрж┐ржЫрж┐ ржПржЗ ржорзЗрзЯрзЗржЯрж╛ ржПржд ржирзЛржВрж░рж╛ ржнрж╛ржкрзНрждрзЗржУ ржкрж╛рж░рж┐ржирж╛ред,2
ржЖржорж┐ ржжрзВрж░ рж╣рждрзЗ ржжрзБржЗ рж╣рж┐ржЬрж░рж╛ ржХрзЗ ржжрзЗржЦрзЗржЫрж┐,2
ржЖрж░рзЗ ржЖржЬржХрж╛рж▓ ржкрж╛ржмрж▓рж┐ржХ ржПржЗрж╕ржм ржЕржнрж┐ржирзЗрждрзНрж░рзАржХрзЗ ржЪрзБржжрзЗржУ ржирж╛ред рж╕рж╛рж▓рж╛ ржЖржмрж╛рж▓ред,2
"рждрзЛрж░ рждрзНрж░рж┐ рж╕рзАржорж╛ржирж╛рзЯ ржЧрзЗрж▓рзЗржУ рж╕ржмрж╛ржЗ ржПржЗрж╕,ржЖржЗржнрж┐ ржкржЬрзЗржЯрж┐ржн рж╣рзЯрзЗ ржпрж╛ржмрзЗ ржПржд ржмрж╛ржЬрзЗ ржорзЗрзЯрзЗ рж╣рзЯ ржЫрж┐ржГ",1
"ржлрж╛рж▓рждрзБ ржорж╛ржЧрзА,ржжрзБржзрзЗрж░ ржХрж┐ ржЕржмрж╕рзНржерж╛ ",2
"рж╣рж╛рзЯрж░рзЗ ржорж╛ржЧрж┐ ржХрзЗржоржи ржХрж░рзЗ ред ржмрзЗрж╢рзНржпрж╛ржжрзЗрж░ ржорждржи ржХрж░рж┐рж╕ ржирж╛, рж╕ржм ржЬрж╛рзЯржЧрж╛рзЯ ржЪрзБржжрж╛ ржЦрж╛ржмрж┐ ржорж╛ржЧрж┐ ",2
ржорзЗрзЯрзЗрж░рж╛ ржмрзЗржХрзБржмржЗ рж╣рзЯ ржирждрзБржи ржХрж┐ржЫрзБ ржирж╛ рж╣рж╛ рж╣рж╛ рж╣рж╛,1
ржПржоржи ржПржХржЯрж╛ ржкрж╛ржЗрж▓рзЗ ржПржХ ржХржо ржХрж░рзЗ рж╣рж▓рзЗржУ ржПржХ рж░рж╛рждрзЗ ржЪрж╛рж░ржЯрж┐ рж╕ржЯ ржжрж┐рждрж╛ржо,2
ржкрзБрж░рж╛ ржмрзЗрж╢рзНржпрж╛ ржорж╛ржЧрзА  рж░рж╛рж╕рзНрждрж╛ ржШржЯрзЗ ржорж╛ржЧрзАржЧрж┐рж░рж┐ рж╢рзБрж░рзБ ржХрж░рзЗ,2
"ржорж╛ржЧрж┐ ржпрж╛ ржжрзБржз рж░рзЗ , рж╕ржм ржЦрзБрж▓ ржорж╛ржЧрж┐",2
ржЖржкржирж╛ржжрзЗрж░ ржоржд ржорзЗрзЯрзЗ ржжрзЗрж░ ржЬрзБрждрж╛ ржорж╛рж░рж╛ ржжрж░ржХрж╛рж░ ржЦрж╛ржиржХрж┐ ржорж╛ржЧрж┐,2
рждрзЛрж░  ржнрзЛржжрж╛рждрзЗ рж╕рж┐рж▓ ржорж╛рж░ржмрзЛ ржорж╛ржЧрзАрж░ ржЭрж┐ ржорж╛ржЧрж┐,2
рждрзЛржорж░рж╛ ржЪрзЛржжрж╛рж░ ржорж╛ржЧрзА ржПржЦржи ржмрзБржЬрж▓рж╛ржо ржмрзЗрж╢рзНржпрж╛ ржорж╛ржЧрж┐,2
ржПржЗрж╕рж╕ржм ржкрждрж┐рждрж╛ред рждрзЛржжрзЗрж░ ржорж╛ржЧрзА ржмрж▓ржмрзЗржирж╛ред ржЪрзБржжрждрзЗ ржжрж┐ржЫ рж╕ржмрж╛ржЗ рж░рзЗ рждрзЛ ржорж╛ржЧрзА ржмрж▓ржмрзЗ ржирж╛ рждрзЛ ржХрж┐?,2
ржУржЗ ржЦрж╛ржиржХрж┐рж░ ржкрзБрж▓рж╛ рждрзЛрж░ ржмрж╛ржкрзЗ ржХрж┐ ржХрж░рзЗ ржЦрж╛ржиржХрж┐рж░ ржкрзБрж▓рж╛ рждрзЛрж░рж╛ ржорж╛ржирзБрж╖рзЗрж░ ржЪрзБрж▓ ржмрж╛рж▓ ржирж╛ ржХрж╛ржЯрж▓рзЗ ржнрж╛ржд ржУ ржкрж╛ржмрж┐ ржирж╛ ржЖржмрж╛рж░ ржорж╛ржирзБрж╖рзЗрж░ ржЯрж╛ ржмрзЬ ржЧрж▓рж╛рзЯ ржмрж▓рж╕ ржЕржЯрзЛ рж░рж┐ржХрзНрж╕рж╛ ржЪрж╛рж▓ржХ рждрзЛрж░ ржорж╛ржХрзЗ ржЖрж░ ржЪрзБржжрж▓рж╛ржо ржирж╛ рждрзЛрж░ рж╕ржм ржЪрзЗрзЯрзЗ ржЫрзЛржЯ ржмрзЛржи ржХрзЗ ржЖржорж┐ ржЪрзБржжржм ?,2
ржорзЗржЬрзЛ ржорзЗрзЯрзЗ ржЧрзБрж▓рж┐ ржЬрж╛ржорж╛ржЗржХрзЗ ржнрж╛рж▓ржмрж╛рж╕рзЗржирж╛ ржорзЗржЬрзЛ ржорзЗрзЯрзЗ ржЧрзБрж▓рж╛ рж╣рзЯ ржЦрж╛ржиржХрж┐ ржЦрж╛рж░рж╛ржк ржорзЗрзЯрзЗ,2
ржЯрзБрзЯрж╛ рждрзЛрж░ ржорж╛рж░рзЗ ржмрж╛ржк ржЦрж╛ржиржХрж┐рж░ ржорж╛ржЧрж┐,2
ржорж╛ржЧрзАрж░рзЗ ржжрзЗржЦрж▓рзЗржЗ ржорзЗржЬрж╛ржЬ ржЦрж╛рж░рж╛ржк рж╣рзЯрзЗ ржпрж╛рзЯ ржмрзЗрж╢рзНржпрж╛ ржорж╛ржЧрж┐,2
ржмрзЗрж╢рзНржпрж╛ ржорж╛ржЧрж┐рж░ ржжрж╛ржд ржХрж┐ржирзНрждрзБ рж╣рж▓рзБржж ржорж╛ржЧрж┐ ржЦрж╛ржиржХрж┐,2
рждрж░рж╛ ржкрзНрж░ржорж╛ржи ржХрж░рж▓рж┐ рждрзЛрж░рж╛ ржмрж╛ржВрж▓рж╛ ржорж╛ржЧрж┐ ржмрзЗрж╢рзНржпрж╛рж░ ржЬрж╛ржд,1
ржорж╛рж▓рзБржЧрзЛ ржЪрзБржжрж╛ ржорзБржжрж┐рж░ ржЬрж╛рж░ржЬ рж╕ржирзНрждрж╛ржи рждрзЛрж░ ржжрж┐ржжрж┐рж░рзЗ ржХрж┐ржирзНрждрзБ ржЪрзБржЗржжрзНржжрж╛ ржорж╛ржЗрж░рж╛ ржкрж╛рж▓рж╛ржорзБ ржЦрж╛ржиржХрж┐рж░ ржкрзЛрж▓рж╛,2
ржЪрзБрждржорж╛рж░рж╛ржирж┐ рждрзЛрж░рзЗ ржЪрзБржжрзАред ржХрзБрждрзНрждрж╛ ржжрж┐ржпрж╝рж╛ ржЪрзЛржжрж╛ржорзБ  ржмрзЗрж╢рзНржпрж╛ ржорж╛ржЧрж┐,2
ржмрж┐ржжрзЗрж╢ ржмржЙ рж░рзЗржЦрзЗ ржпрж╛ржУрзЯрж╛ ржЯрж┐ржХ ржирж╛ ржУ ржорзЗрзЯрзЗрж░рж╛ ржкрж░ржкрзБрж░рзБрж╖рзЗрж░ рж╕рж╛рждрзЗ ржЖржХрж╛ржо ржХрж░ржмрзЗ ржПржЗ рж╣рж▓рзЛ ржорж╣рж┐рж▓рж╛ржжрзЗрж░ ржЪрж░рж┐ржП,1
ржПржЯрж╛ ржХржорж┐рж╢ржирж╛рж░ ржПрж░ ржорзЗрзЯрзЗ ржЦрж╛ржиржХрж┐ржорж╛ржЧрж┐рж░ ржорзЗрзЯрзЗ,2
рждрж░ ржнрзЛржжрж╛рж░ ржнрж┐рждрж░рзЗ ржнрж╛рж▓рзЛ ржнрж╛ржмрзЗ ржмрж░рзЗ ржжрж┐ржорзБ,2
ржПржЧрзБрж▓рж╛ рж░рж╛рж╕рзНрждрж╛рж░ ржорзЗрзЯрзЗ ржмрзЗрж╢рзНржпрж╛  ржХрзЛржерж╛ржХрж╛рж░,2
ржмрж┐ржнрж╛рж╕ ржЦрж╛ржиржХрж┐рж░ ржкрзЛрж▓рж╛ рждрзЛрж░ ржорж╛рж░рзЗ ржХрж╛ржЙржпрж╝рж╛ ржжрж┐ржпрж╝рж╛ ржЙржбрж╝рж╛ржЗржпрж╝рж╛ ржЪрзБржжрж┐ ржмрзЗрж╢рзНржпрж╛рж░ ржкрзЛрж▓рж╛ ржЪрзБржк ржерж╛ржХ,2
ржЦрж╛ржиржХрж┐ ржорж╛ржЧрж┐ рждрж░рж╛ рж╕ржорж╛ржЬ ржЯрж╛ржХрзЗ ржирж╖рзНржЯ ржХрж░рзЗ ржлрзЗрж▓рждрзЗржЫрж┐рж╕ ред,1
рждрзЛрж░рж╛ рждрзЛ ржЪрзБржжрждрзЗ ржкрж╛рж░рж╕ ржирж╛ред рждрж╛ржЗ ржЖржорж░рж╛ рждрзЛрж░ ржорж╛ ржмрзЛржиржжрзЗрж░ ржЪрзБржжрзЗ рждрзЛржжрзЗрж░ ржХрж░рж┐ред рждрзБржЗ ржЦрж╛ржиржХрж┐рж░ ржкрзЗрж╛рж▓рж╛ред,2
рж╢рж╛рж▓рж┐рж░рж╛ ржорж┐рж╕ ржУржпрж╝рж╛рж░рзНрж▓рзНржб ржЖржЗржЫрзЗ ржирж╛ржХрж┐ ржЧрж╛ржЬрж╛ржЦрзБрж░рзА ржХржерж╛ ржмрж▓рждрзЗ ржЖржЗрж╕рзЗ,1
ржП ржЦрж╛ржиржХрж┐ рждрзЛрж░ ржЧрзБржжрзЗ ржХрждрзЛ ржЦрж┐ржжрзЗ ржЖржорж┐ рждрзЗржХрзЗ ржЪрзБржжржмрзЛ,2
ржоржбрзЗрж▓ ржирж╛ ржоржирзЗ рж╣ржЪрзНржЫрзЗ ржорж╛ржЧрзА ржкрж╛ржбрж╝рж╛рж░ ржорж╛ржЧрзА ржжрзБржЗржЯрж╛редржкржЮрзНржЪрж╛рж╢ ржПржХрж╢рзЛ ржЯрж╛ржХрж╛ ржжрж┐рж▓рзЗ ржЪрзЛржжрж╛ ржпрж╛ржмрзЗред,2
ржЦрж╛ржиржХрж┐ ржХрзЗ ржЧрзБржжрзЗ ржмрж╛рж╕ ржврзБржХрж╛рждрзЗ рж╣ржмрзЗ ржПрж░ржкрж░ржУ ржпржжрж┐ рж╢рж╛ржирзНрждрж┐ рж╣рзЯ ржЖрж░ржХрж┐  ржорж╛ржЧрзАрж░,2
"рж╕рзМржнрж┐ржХрзЗрж░ ржпрзЗ ржмржирзНржзрзБ ржПржЦрж╛ржирзЗ рж░рж┐ржкрзНрж▓рж╛ржЗ ржжрж┐рзЯрзЗ ржЧрж╛рж▓рж╛ржЧрж╛рж▓ ржжрж┐ржмрзЗ,рждрж╛рж░ ржорж╛рзЯрзЗрж░ ржнрзЛржжрж╛рж░ ржнрж┐рждрзНрж░рзЗ ржзрзЛржи рж╣рж╛ржирзНржжрж╛ржЗрзЯрж╛ ржХрж╛ржо рж░рж╕ ржмрж╛ржЗрж░ ржХрж░ржорзБ",1
ржЖржорж╛рж░ рждрзЛ ржоржирзЗ рж╣рзЯ рждрзЛрж░ ржоржд ржорж╛ржЗрзЯрж╛рж░  ржнрзЛржжрж╛рзЯ ржкрж╛ржирж┐ ржЧрзЬржЧрзЬ ржХрж░рждрзЗржЫрзЗ ржЫрзЗрж▓рзЗржжрзЗрж░ рж╕рзЛржирж╛ ржврзБржХрж╛ржирзЛрж░ ржЬржирзНржпред,2
ржорж╛ржЧрж┐рж░ ржнрзЛржжрж╛  ржЕржирзЗржХ ржмрзЬ ржмрзЗрж╢рзНржпрж╛ ржорж╛ржЧрзАрж░ ржПржХрзЗржмрж╛рж░рзЗ,2
ржмрзЗржЗрж╢рзНржпрж╛рж░ ржЬржирзНржорзЗрж░ ржлрж╕рж▓ ржЦрж╛ржиржХрж┐рж░ ржорж╛ржЧрж┐,2
ржПржЯрж╛ ржорзЗрзЯрзЗ ржирж╛ржХрж┐ рж╣рж┐ржЬрзЬрж╛ ржХрж┐ржЫрзБржЗржд ржмрзБржЬрж▓рж╛ржо ржирж╛,1
рждрзБржЗ ржорж╛ржЧрж┐ ржкрж░рж┐ржЪрзЯ ржжрж┐рж▓рж┐ред рждрзБржЗ ржЖрж╕рж▓рзЗ ржПржХржЯрж╛ржорж╛ржЧрж┐редрж░рзЗржЯ ржХржд ржЖржорж┐ржУ ржЫрзБржжржмрзЛ рждрзЛржХрзЗред ржЦрзБржм ржоржЬрж╛ ржкрж╛ржмрж┐ред,2
"ржХржд ржЬржи ржпрзЗ ржЪрзБржжржЫрзЗ ржорж╛ржЧрзАрж░ ржнрзЛржжрж╛рждрзЗ, рж╕рзНржкрж░рзНрж╢рзАрзЯрж╛ ржорж╛ржЧрзАред ",2
рж╣рзЗржбрж╛рж░ ржШрж░рзЗ рж╣рзЗржбрж╛рж░ ржорж╛ржЗрзЯрж╛ ржмрж╛рж▓рзЗрж░ ржорж╛ржЗрзЯрж╛,1
ржПрж░ ржорж╛ржЧрзАрж░ ржнрзЛржжрж╛ рж╕ржмрж╛ржЗ ржлрж╛ржЯрж╛ржУ,2
ржжрзЗрж╢рзЗрж░ ржкрзНрж░ржзрж╛ржи ржоржирзНрждрзНрж░рзА ржПржХржЬржи ржкрзБрж░рзБрж╖ рж╣рж▓рзЗ ржнрж╛рж▓рзЛ рж╣рждрзЛ,2
"ржПржЗ ржорж╣рж┐рж▓рж╛ ржХрзЗ ржЖржорж╛рж░ ржЗржЪрзНржЫрзЗ ржХрж░рждрзЗржЫрзЗ ржЦрзБржкрж╛рзЯрждрзЗ,ржмрзЗрзЯрж╛ржжржк ржирж┐рж▓ржЬрзНржм ржлржХрж┐ржирзНржирж┐ ржХрзЛржд ржерзЗржХрзЗ ржЙржЯрзЗ ржЖрж╕ржЫрзЗ ржПржЗ ржмрж┐рзЯрж╛ржжржк, рж╕ржм ржЧрзБржирзНрзЬрж╛ ржкрж╛ржирзНрзЬрж╛ржжрзЗрж░ рж╕рж╣ ржЙржкржпрзБржХрзНржд рж╢рж╛рж╕рзНрждрж┐ рж╣рзЛржХ",2
"ржПржЗ ржорж╣рж┐рж▓рж╛ржХрзЗ ржпрзЗ рж▓рзЛржХ ржмрж┐рзЯрзЗ ржХрж░рзЗ ржШрж░ рж╕ржВрж╕рж╛рж░ ржХрж░рждрзЗржЫрзЗ, ржЖрж▓рзНрж▓рж╛рж╣ржЗ ржпрж╛ржирзЗ рждрж╛рж░ ржХрж┐ ржЕржмрж╕рзНржерж╛, рж╢рзЯрждрж╛ржи ржорж╣рж┐рж▓рж╛ред ржЖрж▓рзНрж▓рж╛рж╣ ржПрж░ ржмрж┐ржЪрж╛рж░ ржХрж░ржмрзЗред",1
рж╕ржм ржирж╖рзНржЯрзЗрж░рж░ ржорзВрж▓рзЗ ржирж╛рж░рзАред,1
ржпрждржжрж┐ржи ржерж╛ржХржмрзЗ ржжрзБржЗ рж╣рж╕рзНржд рждрждржжрж┐ржи рж╣ржмржирж╛ ржирж╛рж░рзАрж░ ржжрж╛рж░рж╕рзНрже,1
ржорзЗрзЯрзЗрж░рж╛ ржирж┐ржЬрзЗрж░ ржжрзЗрж╣ ржжрж┐рзЯрзЗ ржЫрзЗрж▓рзЗржжрзЗрж░ Blackmail ржХрж░рж╛рж░ ржЕрж╕рж╛ржзрж╛рж░ржг ржХрзНрж╖ржорждрж╛ ржирж┐рзЯрзЗ ржЬржирзНржорж╛рзЯред,2
рж╕ржм ржирж╖рзНржЯрзЗрж░рж░ ржорзВрж▓рзЗ ржирж╛рж░рзАредржЖржЧрзЗ ржерзЗржХрзЗ рж╕ржм ржХрж┐ржЫрзБ ржжрж┐рзЯрзЗ ржжрзЗржмрзЗ ржкрж░рзЗ ржмрж▓ржмрзЗ ржЫрзЗрж▓рзЗрж░рж╛ ржЫрзНржпрж╛ржХрж╛ ржжрзЗрзЯ,1
ржЖржкржирж╛рж░ рж╣рж╛ржЬрж╛рж░ржЯрж╛ ржмржирзНржзрзБ ржерж╛ржХрж▓рзЗржУ рж╕ржорж╕рзНржпрж╛ ржирзЗржЗредржПржХржЯрж╛ ржорзЗрзЯрзЗ ржЖржкржирж╛рж░ ржпрзЗ ржкрж░рж┐ржорж╛ржг рж╕ржорзЯ ржмрж╛ ржЯрж╛ржХрж╛ ржирж╖рзНржЯ ржХрж░рзЗ ржжрж┐ржмрзЗ рж╣рзЯржд рж╣рж╛ржЬрж╛рж░ржЯрж╛ ржмржирзНржзрзБржУ рждрж╛ ржкрж╛рж░ржмрзЗ ржирж╛редржПржХ ржХржерж╛рзЯ ржПржХржЯрж╛ ржорзЗрзЯрзЗ ржЖржкржирж╛рж░ рж▓рж╛ржЗржлрзЗрж░ рззрзи ржЯрж╛ ржмрж╛ржЬрж┐рзЯрзЗ ржжрж┐рждрзЗ ржпржерзЗрж╖рзНржЯредредред,1
"рж╕рзО рж╕ржЩрзНржЧрзЗ рж╕рж░рзНржЧ ржмрж╛рж╕,ржирж╛рж░рзА рж╕ржЩрзНржЧрзЗ рж╕рж░рзНржмржирж╛рж╢",1
"ржорзЗржпрж╝рзЗржжрзЗрж░ ржЖржЯрж╛,ржоржпрж╝ржжрж╛ ржорж╛ржЦрж╛ ржорзБржЦржЯрж╛ ржирж╛ ржжрзЗржЦрзЗ,ржЖржХрж╛рж╢рзЗрж░ ржЪрж╛ржжржБ ржжрзЗржЦрж╛ ржЕржирзЗржХ рждрзГржкрзНрждрж┐ржжрж╛ржпрж╝ржХ,ржнрж╛ржм ржЫрзЗрж▓рзЗрж░рж╛ржУ ржирж┐рждрзЗ ржкрж╛рж░рзЗ ржмрзБржЪржЫржЫ ржлрж╛рж▓рждрзБ ржорж╛ржЗржпрж╝рж╛,ржорзЗржпрж╝рзЗ ржорж╛ржирзЗ ржирж╖рзНржЯрж╛ржорж┐, ржорзЗржпрж╝рзЗ ржорж╛ржирзЗ ржнржиржбрж╛ржорзА,",1
ржирж╛рж░рзАрж░рж╛ ржкрзНрж░рзЯрзЛржЬржиржмрзЛржзрзЗ рждрж╛ржжрзЗрж░ ржжрзЗрж╣ржУ ржжрж┐рждрзЗ ржжрзНржмрж┐ржзрж╛ржмрзЗрж╛ржз ржХрж░рзЗржирж╛,2
ржЕрж╛ржорж░рж╛ ржирж╛рж░рзАржжрзЗрж░ ржХржерж╛ ржжрж┐рзЯрзЗ рж╣рж╛рж░рж╛рждрзЗ ржкрж╛рж░ржмрзЛржирж╛....рж╕рзБрждрж░рж╛ржВ ржпрзБржХрзНрждрж┐ ржжрж┐рзЯрзЗржЗ рж╣рж╛рж░рж╛рждрзЗ рж╣ржмрзЗ рждрж╛ржжрзЗрж░.....* рждрж╛ржжрзЗрж░ ржзрж░рзНрж╖ржгрзЗрж░ ржХрж╛рж░ржг рж╢рзБржзрзБ рждрж╛рж░рж╛ржЗ...рждрж╛ржжрзЗрж░ рж╢рж░рзАрж░рзЗрж░ ржкрзНрж░рждрж┐ржЯрж┐ ржнрж╛ржЬрзЗ ржнрж╛ржЬрзЗ рж╢рзЯрждрж╛ржи рж▓рзБржХрж┐рзЯрзЗ ржерж╛ржХрзЗред,1
рж╕ржм ржкрзНрж░ржХрж╛рж░ ржЕржкржХрж░рзНржо  ржорзВрж▓рзЗ ржирж╛рж░рзА,1
ржирж╛рж░рзАрж░рж╛ ржЫрзЗрж▓рзЗржжрзЗрж░ рж╢рзНржмрж╛рж░рзНржерзЗрж░ ржкрж┐ржЫрзЗ ржЧрзБрж░рзЗ...,1
"ржирж╛рж░рзАрж░рж╛ рж╢рзБржзрзБ рждрж╛ржжрзЗрж░ ржкрзНрж░рзЯрзЛржЬржирзЗ рждрж╛рж░рж╛ ржЕрж╛ржкржирж╛рж░ ржкрж╛рж╢рзЗ ржЕрж╛рж╕ржмрзЗ ржкрзНрж░рзЯрзЛржЬржи рж╢рзЗрж╖, ржЕрж╛ржкржирж╛рж░ ржХрж╛ржЫ ржерзЗржХрзЗ ржЪрж▓рзЗ ржпрж╛ржмрзЗред",1
ржорзЗрзЯрзЗрж░рж╛ рждрж╛ржжрзЗрж░ ржжрзЗрж╣ ржжрж┐рзЯрзЗ рждрж╛ржжрзЗрж░ рж╢рзНржмрж╛рж░рзНрже рж╣рж╛ржЫрж┐рж▓ ржХрж░рзЗ ржерж╛ржХрзЗ ржЕрж╛рж░рзЛ ржХржд ржХрж┐????,2
ржЖрж╕рж▓рзЗ ржмрзЯржлрзНрж░рзЗржирзНржб ржЧрж╛рж░рзНрж▓ ржлрзНрж░рзЗржирзНржб рж░рж┐рж▓рзЗрж╢рж╛ржиржЯрж╛ ржЕржжрзНржнрзВржж ржПржХржЯрж╛ ржмрзНржпрж╛ржкрж╛рж░редрж╕ржм ржорзЗрзЯрзЗржЗ рж╕рж╛ржкрзЗрж░ ржорждред ржпрзЗ ржпржд ржмрзЗрж╢рж┐ рж╕рзБржирзНржжрж░ рждрж╛рж░ ржмрж┐рж╖ рждржд рждрзАржмрзНрж░рждрж░,1
"ржзржмржВрж╕рзЗрж░ ржЬржирзНржп ржирж╛рж░рзА ржжрж╛ржпрж╝рзА,рж╢рж╛ржирждрж┐рж░ ржЬржирзНржп ржирж╛рж░рзА ржжрж╛ржпрж╝рзА,ржХрзБржЯржирж╛ржорж┐рж░ ржЬржирзНржп ржирж╛рж░рзА ржжрж╛ржпрж╝рзА,ржзрзЛржХрж╛рж░ ржЬржирзНржп ржжрж╛ржпрж╝рзА,рж╕рзЗржХрж╕рзН ржПрж░ ржЬржирзНржп ржжрж╛ржпрж╝рзА",2
"ржирж╛рж░рзАржХрзЗ ржмрж┐рж╢рзНржмрж╛рж╕ ржирж╛ ржХрж░рзЗ, ржкрзНржпрж╛ржХрзЗржЯрзЗ рж╕рж╛ржк ржирж┐рзЯрзЗ ржШрзБрж░рж╛ржЗ ржЙрждрзНрждржоред",1
"ржорзЗрзЯрзЗрж░рж╛ fuck ржЦрзЗрждрзЗ ржЪрж╛рзЯ,ржЕрж╛рж░ ржЫрзЗрж▓рзЗрж░рж╛ fuck ржжрж┐рж▓рзЗржЗ ржжрзЛрж╖ред",2
ржирж╛рж░рзАрж░ рж╢рзБржзрзБ ржнрзЛржЧрзЗрж░ ржЬрж╛ржирзНржирзЛ ..... рждржжрж╛рж░ ржжрж╛рж░ ржнрж╛рж▓рзЛ ржХрж┐ржЪрзБ рж╕ржорзНржнржм ржиржЗ,2
ржмрж┐рж╢рзНржм ржирж╛рж░рзА ржжрж┐ржмрж╕рзЗ ржкрзНрж░рждрж┐ржЯрж╛ ржирж╛рж░рзАржХрзЗ ржзрж┐ржХрзНржХрж╛рж░ ржЬрж╛ржирж╛ржЗред,2
ржХрж┐рж╕рзЗрж░ ржирж╛рж░рзА ржжрж┐ржмрж╕ред рж╕ржХрж▓ ржкрж╛ржкрзЗрж░ ржЬржиржирзА ржирж╛рж░рзА,2
"ржЕржзрж┐ржХрж╛ржВрж╢ рж░рзВржкрж╕рзАрж░ рж╣рж╛рж╕рж┐рж░ рж╢рзЛржнрж╛ ржорж╛ржВрж╕ржкрзЗрж╢рж┐рж░ ржХрзГрждрж┐рждрзНржм, рж╣рзГржжрзЯрзЗрж░ ржХрзГрждрж┐рждрзНржм ржирзЯ",2
ржмрж┐рж╢рзНржмрзЗрж░ ржирж╛рж░рзА ржирзЗрждрж╛рж░рж╛ ржирж╛рж░рзАржжрзЗрж░ ржкрзНрж░рждрж┐ржирж┐ржзрж┐ ржирзЯ; рждрж╛рж░рж╛ рж╕ржмрж╛ржЗ рж░рзБржЧрзНржи ржкрж┐рждрзГрждржирзНрждрзНрж░рзЗрж░ ржкрзНрж░рж┐рзЯ рж╕рзЗржмрж╛ржжрж╛рж╕рзА,2
ржмрж░рзНрждржорж╛ржи ржирж╛рж░рзАрж░рж╛ ржмрж╛рж╣рзНржпрж┐ржХ ржжрж┐ржХ ржерзЗржХрзЗ ржирж╛рж░рзА ржнрзЗрждрж░рзЗ рждрж╛рж░рж╛ ржкрзБрж░рзБрж╖ рз╖,1
"рж░рж╛рж╕рзНрждрж╛ржпрж╝ ржмрж╕рзЗ рж╕рж┐ржЧрж╛рж░рзЗржЯ ржЦрж╛ржпрж╝ред ржнрж╛ржЗрж░рзЗ рж╕рзЗржЗ ржорж░рзНржбрж╛ржи ржорзЗржпрж╝рзЗ, ржЖржорж░рж╛ ржЕржирзЗржХ ржмрзНржпрж╛ржХржбрзЗржЯрзЗржб",1
ржЫрзЗрж▓рзЗржжрзЗрж░ ржпржерзЗрж╖рзНржЯ рж╕ржорзНржорж╛ржи ржЖржЫрзЗред рждржмрзЗ ржХрж┐ржЫрзБ ржХрж┐ржЫрзБ ржирж╛рж░рзАржмрж╛ржжрзА ржЖрж░ ржЗрж╕рж▓рж╛ржо ржмрж┐ржжрзНржмрзЗрж╖рзАрж░рж╛ рж╕рзЗржЯрж╛ рж╕рзНржмрзАржХрж╛рж░ ржХрж░рждрзЗ ржЪрж╛рзЯ ржирж╛!,2
"рж╕ржм рж╢рж┐рзЯрж╛рж▓ржЗ ржорзБрж░ржЧрзАрж░ рж╕рзНржмрж╛ржзрзАржирждрж╛ ржЪрж╛рзЯ ржХрж╛рж░ржг ржорзБрж░ржЧрзА рж╕рзНржмрж╛ржзрзАржи рж╣рж▓рзЗ рж╢рж┐рзЯрж╛рж▓ ржнрж╛рж▓ ржЦрж╛ржмрж╛рж░ ржкрж╛рзЯ, рждрзЗржоржирж┐ рж╕ржм рж▓рзБржЗржЪрзНржЪрж╛рж░рж╛ржЗ ржирж╛рж░рзАрж░ рж╕рзНржмрж╛ржзрзАржирждрж╛ ржЪрж╛рзЯ ржХрж╛рж░ржг ржирж╛рж░рзА рж╕рзНржмрж╛ржзрзАржи рж╣рж▓рзЗ рж▓рзБржЗржЪрзНржЪрж╛рж░рж╛ рж▓рзБржЗржЪрзНржЪрж╛ржорж┐ ржХрж░рждрзЗ ржкрж╛рж░рзЗ",2
ржорзЗрзЯрзЗрж░рж╛ ржХрзЛржи ржЦрж╛ржжрзНржп ржкржирзНржп ржХрж┐ржВржмрж╛ ржмрж╕рзНрждрзБрзБ ржирзЯред ржирж┐ржЬрзЗрж░ ржорж╛ ржмрзЛржиржХрзЗ ржжрзЗржЦрж▓рзЗржУ ржХрж┐ ржорзБрж░ржЧрж┐ ржорзБрж░ржЧрж┐ ржоржирзЗ рж╣рзЯ? рждрж╛рж╣рж▓рзЗ рждрзЛржорж╛рж░ ржорж╛ ржмрзЛржиржУ рждрзЛржорж╛рж░ ржерзЗржХрзЗ ржирж┐рж░рж╛ржкржж ржирзЯредржПржХржЬржи рж╕рзБрж╕рзНрже ржорж╕рзНрждрж┐рж╖рзНржХрзЗрж░ ржорж╛ржирзБрж╖ ржХржЦржиржУржЗ ржПрж╕ржм рждрзБрж▓ржирж╛ ржжрж┐ржмрзЗ ржирж╛ред рждрзЛржорж░рж╛ ржирж┐ржЬрзЗрж░рж╛ржЗрждрзЛ ржорзЗрзЯрзЗржжрзЗрж░ ржкржирзНржп ржнрж╛ржмрзЛредржЖрж╕ржЫрзЗ ржкрж╢рзНржЪрж┐ржорж╛ржжрзЗрж░ ржмржжржирж╛ржо ржХрж░рждрзЗред,1
"ржПрж╕ржм ржирж╛рж░рзАржмрж╛ржжрзАржжрзЗрж░ ржЬржирзНржп ржмрж╛рж╕рзЗрж░ рж╕рж┐ржЯ ржЫрзЗрзЬрзЗ ржирж╛ ржжрж┐рзЯрзЗ,ржкрзБрж░рзБрж╖рзЗрж░ ржорж╛ржЭрзЗ ржжрж╛ржБржбрж╝ ржХрж░рж┐ржпрж╝рзЗ ржжрж┐рж▓рзЗ рждржЦржи ржмрзБржЭржмрзЗ ржирж╛рж░рзАрж╕ржорждрж╛ ржХрж╛ржХрзЗ ржмрж▓рзЗред",1
ржирж┐ржЬрзЗрж░ ржорж╛ ржмрзЛржиржжрзЗрж░ рж╕ржорзНржорж╛ржи ржХрж░,1
ржЖржорж╛рж░ ржорж╛-ржмрзЛржи ржкрж╢рзНржЪрж┐ржорж╛ ржирж╛рж░рзАржмрж╛ржжрзА ржирж╛ред ржЖрж░ ржЖржорж┐ ржмрж╛рж╕рзЗ рж╕ржоржЕржзрж┐ржХрж╛рж░рзЗрж░ ржХржерж╛ ржмрж▓ржЫрж┐редрждрж╛рждрзЗ ржирж╛рж░рзАржмрж╛ржжрзАржжрзЗрж░ ржЪрзБрж▓ржХрж╛ржирж┐ ржерж╛ржХрж╛рж░ ржХржерж╛ ржирж╛ред,1
ржирж╛рж░рзАржмрж╛ржжрзА рж░рзЛржХрзЗрзЯрж╛ ржмрж▓рзЗржЫрзЗ ржзрж░рзНржо ржЧрзНрж░ржирзНржержЧрзБрж▓рж┐ ржкрзБрж░рзБрж╖рзЗрж░ ржмрж╛ржирж╛ржирзЛред ржЕржержЪ ржПржЗ ржорж╣рж┐рж▓рж╛ржХрзЗ ржорзБрж╕рж▓рж┐ржо ржмрж▓рзЗ ржмрж▓рзЗ ржкрж╛ржарзНржп ржмржЗрзЯрзЗрж░ ржорж╛ржзрзНржпржорзЗ ржнржмрж┐рж╖рзНржпржд ржкрзНрж░ржЬржирзНржорзЗрж░ ржмрзНрж░рзЗржЗржи ржУрзЯрж╛рж╢ ржХрж░рж╛ рж╣ржЪрзНржЫрзЗред,2
ржРрж╕ржм ржирж╛рж░рзАржмрж╛ржжрзАрж░рж╛ ржЖржорж╛ржжрзЗрж░ ржирж╛рж░рзАржжрзЗрж░ ржмрж╛рж╣рж┐рж░рзЗ ржмрзЗрж░ ржХрж░рзЗ ржЖржорж╛ржжрзЗрж░ рж╕ржорж╛ржЬрзЗ ржзрзНржмржВрж╕ ржХрж░ржЫрзЗред ржЖрж╕рзБржи рждрж╛ржжрзЗрж░ ржмрж┐рж░рзБржжрзНржзрзЗ рж╕ржЪрзЗрждржи рж╣ржЗред,1
ржмрж░рзНрждржорж╛ржи ржПржЗ ржжрзЗрж╢рзЗрж░ ржирж╛рж░рзА ржЬрж╛рждрж┐ржХрзЗ ржкрждрж┐рждрж╛ ржмрж╛ржирж╛рждрзЗ ржЙржарзЗ ржкрзЬрзЗ рж▓рзЗржЧрзЗржЫрзЗ 71ржЯрж┐ржнрж┐рж░ ржкрждрж┐рждрж╛ ржорж╣рж┐рж▓рж╛рж░рж╛редред рждрж╛ржжрзЗрж░ ржХрзЗ ржПржЗ ржжрзЗрж╢ ржерзЗржХрзЗ ржЙрзОржЦрж╛ржд ржХрж░рждрзЗржЗ рж╣ржмрзЗред,2
"ржпрж╛рж░рж╛ ржирж╛рж░рзА ржЕржзрж┐ржХрж╛рж░рзЗрж░ рж╕рзЛрж▓ржЧрж╛ржи ржжрзЗрзЯ, рждрж╛рж░рж╛ ржЖрж╕рж▓рзЗ ржирж╛рж░рзАржжрзЗрж░ржХрзЗ ржнрзЛржЧрзЗрж░ ржкрж░рзНржи ржмрж╛ржирж╛ржирзЛрж░ ржЪрж┐ржирждрж╛рзЯ ржорж┐ржЫрж┐рж▓ ржорж┐ржЯрж┐ржВ ржХрж░рзЗред рждрж╛рж░рж╛ ржЖрж╕рж▓рзЗ ржзрзЛржХрж╛ржмрж╛ржЬред ржмрзБржжрзНржзрж┐ржорж╛ржи ржорж╣рж┐рж▓рж╛рж░рж╛ рждрж╛ ржмрзБржЭрждрзЗ ржкрж╛рж░рзЗред",2
"ржирж╛рж░рзАрж░рж╛ ржЬрж╛ржирзЗ рждрж╛рж░рж╛ ржмрзЗрж╣рж╛рзЯрж╛/ ржирж┐рж░рзНрж▓ржЬрзНржЬ / ржирж┐ржХрзГрж╖рзНржЯ рж╣рзЯрзЗ ржпрж╛ржЪрзНржЫрзЗ, ржирж╛рж░рзАрж░рж╛ ржЬрж╛ржирзЗ ржмрж┐рзЯрзЗ ржХрж░рж▓рзЗ рждрж╛рж░рж╛ ржЖрж░ ржмрзЗрж╣рж╛рзЯрж╛ржкржирж╛ ржХрж░рждрзЗ ржкрж╛рж░ржмрзЗ ржирж╛!",1
"ржирж╛рж░рзАрж░рж╛ ржЬрж╛ржирзЗ ржЖржорж░рж╛ рж╣рж▓рж╛ржо ржЭрж╛ржорзЗрж▓рж╛рж░ ржкрж╛рж╣рж╛рзЬ, ржпрждрзЛ рж╕ржорж╕рзНржпрж╛ / ржЭрж╛ржорзЗрж▓рж╛ / ржЕрж╢рж╛ржирзНрждрж┐ ржирж╛рж░рзАрж░ред рж╕рж╛ржерзЗ рж╕рж╛ржерзЗ ржкрзБрж░рзБрж╖ржжрзЗрж░ ржЭрж╛ржорзЗрж▓рж╛ржУ ржмрж╛рзЬрж╛рзЯ!!",2
"ржмрж╛рж╣рж╣ред ржкрзБрж░рзБрж╖ ржмрж╣рзБржЧрж╛ржорзА, рждрж╛ржЗ ржирж╛рж░рзАржжрзЗрж░ржУ ржмрж╣рзБржЧрж╛ржорзА рж╣рждрзЗ рж╣ржмрзЗред ржкрзБрж░рзБрж╖ ржЦрж╛рж░рж╛ржк ржХрж╛ржЬ ржХрж░ржмрзЗ,рждрж╛ржЗ ржирж╛рж░рзАржжрзЗрж░ржУ ржЦрж╛рж░рж╛ржк ржХрж╛ржЬ ржХрж░рждрзЗ рж╣ржмрзЗред ржУрзЯрж╛ржУред рж╣рзЛрзЯрж╛ржЯ ржП рж▓ржЬрж┐ржХред",2
"ржмрж┐рзЯрзЗ ржХрж░рждрзЗ ржирж╛ ржЪрж╛ржУрзЯрж╛""ржирж╛рж░рзА-ржкрзБрж░рзБрж╖ ржЙржнрзЯ ржмрж┐рзЯрзЗ ржирж╛ ржХрж░рждрзЗ ржЪрж╛ржУрзЯрж╛рж░ ржХрж╛рж░ржи рж╕рж╛ржорж╛ржЬрж┐ржХ ржжрж╛рзЯрж┐рждрзНржм ржПрзЬрж┐рзЯрзЗ ржЪрж▓рж╛, ржмрзЗрж╣рж╛рзЯрж╛ржкржирж╛ ржХрж░рждрзЗ ржкрж╛рж░рж╛ред",1
ржпрждрзЛ ржЕрж╕рзБржирзНржж ржУ ржмрзЗржвржХ ржирж╛рж░рзА ржЖржЫрзЗ рждрж╛рж░рж╛ ржХрж╛рж░рзЛ рж╕ржЩрзНржЧрзА ржирж╛ рж╣рждрзЗ ржкрзЗрж░рзЗржЗ ржХрж┐ржирзНрждрзБ ржирж╛рж░рзАржмрж╛ржжрзА рж╣рзЯрзЗ ржЙржарзЗрз╖,2
ржпрзЗ ржирж╛рж░рзА ржмрж┐рзЯрзЗ ржХрж░рждрзЗ ржЪрж╛рзЯ ржирж╛ ржмрзБржЭрждрзЗ рж╣ржмрзЗ рж╕рзЗ рж╕рзЗржХрзНрж╕ ржмрж┐рж╢рзНржмрж╛рж╕рж┐..рждрж╛ржжрзЗрж░ ржЖрж░ ржмрзЗрж╢рзНржпрж╛ржжрзЗрж░ ржоржзрзНржпрзЗ ржХрзЛржи ржкрж╛рж░рзНржержХрзНржп ржирзЗржЗ,2
ржлрзЗржорж┐ржирж┐ржЬржо ржЗржЬ ржХрзНржпрж╛ржирзНрж╕рж╛рж░,2
ржирж╛рж░рзА ржкрзБрж░рзБрж╖ ржХржЦржи рж╕ржорждрж╛рзЯ ржЖрж╕рждрзЗ ржкрж╛рж░рзЗ ржирж╛ред ржкрзБрж░рзБрж╖ ржкрзБрж░рзБрж╖ржЗ ржЖрж░ ржирж╛рж░рзА ржирж╛рж░рж┐_ржЗред ржХрж╛ржЬрзЗржЗ ржпрзЗ ржирж╛рж░рж┐ ржкрзБрж░рзБрж╖рзЗрж░ ржЬрж╛рзЯржЧрж╛ ржирж┐рждрзЗ ржЪрж╛рзЯ ржмрзБржЭрждрзЗ рж╣ржмрзЗ рж╕рзЗ ржХржЦржи ржирж╛рж░рзА ржЫрж┐рж▓ ржирж╛редред ржПрж╕ржм ржирж╛рж░рзАрж░рж╛ ржкрж╢рзНржЪрж┐ржорж╛ рж╕ржВрж╕рзНржХрзГрждрж┐ рждрзЗ ржмрж┐рж╢рзНржмрж╛рж╕рж┐ред ржПрж░рж╛ржЗ рж╕рж┐ржорж╛ рж▓ржВржШржиржХрж╛рж░рж┐редред ржПржжрзЗрж░ ржЬржирзНржп ржжрзЛржпржЦрзЗрж░ ржЖржпрж╛ржм ржЕржкрзЗржХрзНрж╖рж╛ ржХрж░ржЫрзЗред,1
ржирж╛рж░рзАржмрж╛ржж ржХрж┐ ржлрзНржпрж╛рж╢ржи ? ржирж╛рж░рзАржмрж╛ржжрзАрж░рж╛ ржХрж┐ рж░рж╛рж╕рзНрждрж╛ржпрж╝ ржорзВрждрзНрж░ ржмрж┐рж╕рж░рзНржЬржирзЗрж░ ржЕржзрж┐ржХрж╛рж░ ржЪрж╛ржпрж╝ ? ржирж╛рж░рзАржмрж╛ржжрзАрж░рж╛ ржХрзЗржи ржирж╛рж░рзАржмрж╛ржжрзА ?,2
"""ржкрзБрж░рзБрж╖ ржирж┐ржЬрзЗржЗ рждрзЛ ржЖржЬ ржмржирзНржжрзА, ржирж╛рж░рзАрж░ ржЙрж╖рзНржг ржЪрж╛ржорзЬрж╛рж░ ржЦрзЛржБржЬрзЗ""  ржЖржорж┐ ржЪрж╛ржЗ ржкрзБрж░рзБрж╖ ржирж┐ржЬрзЗржХрзЗ ржЪрж┐ржирзБржХ, ржЬрж╛ржирзБржХ?рждрж╛рж░ржЗ ржорзБржХрзНрждрж┐ ржжрж░ржХрж╛рж░ рж╕ржмрж╛рж░ ржЖржЧрзЗред",2
ржЖржорж░рж╛ ржЪрж╛ржЗ рж╕ржм ржорж╛ржирзБрж╖ рж╕ржорж╛ржи ржЕржзрж┐ржХрж╛рж░ ржнрзЛржЧ ржХрж░ржмрзЗ рж╕рзЗ ржирж╛рж░рзА рж╣рзЛржХ ржкрзБрж░рзБрж╖ рж╣рзЛржХ ржХрж┐ржВржмрж╛ рж╣рж┐ржЬрзЬрж╛ рж╣рзЛржХред,1
ржирж╛рж░рзАрж░ ржХрзНрж╖ржорждрж╛рзЯржи ржХрж░рж╛ ржпрж╛ржмрзЗ рждржмрзЗ ржкрж░рзНржжрж╛ ржмржЬрж╛рзЯ рж░рзЗржЦрзЗред ржпрзЗрж╣рзЗрждрзБ ржкрж░рзНржжрж╛ ржХрж░рзЗ рж╕ржм ржХрж╛ржЬ ржХрж░рж╛ ржпрж╛рзЯ ржирж╛ред рждрж╛ржЗ ржирж╛рж░рзАрж░ ржмрж╛ржЗрж░рзЗ ржпрж╛ржУрзЯрж╛ржЯрж╛ржУ ржжрж░ржХрж╛рж░ ржирж╛ржЗред рждрж╛ржЫрж╛рзЬрж╛ ржирж╛рж░рзА ржирзЗрждрзГрждрзНржм ржЗрж╕рж▓рж╛ржорзЗрж░ ржжрж┐ржХ ржерзЗржХрзЗ рж╣рж╛рж░рж╛ржо,2
ржорзЗрзЯрзЗрж░рж╛ ржХрж┐ ржкрзБрж░рзБрж╖ржжрзЗрж░ ржЧрзЛрж▓рж╛ржо рж╣рзЯрзЗ ржерж╛ржХржмрзЗ ржирж╛ржХрж┐?,2
"ржЖрждрзНржоржорж░рзНржпрж╛ржжрж╛ ржПржХржЯрж╛ ржмрзЬ ржЬрж┐ржирж┐рж╕ ржЬрзАржмржирзЗ ржЖрж░ ржирж╛рж░рзАрж░рж╛ ржЖрж░ ржжрзЗрж╢рзЗ ржпрзЗржнрж╛ржмрзЗ ржирж╛рж░рзАрж░рж╛ ржкрзБрж░рзБрж╖ржжрзЗрж░ рж╣рж╛рждрзЗ ржирж┐рж░рзНржпрж╛рждрж┐ржд рж╣ржЪрзНржЫрзЗ рж╕ржХрж▓ ржирж╛рж░рзАржХрзЗржЗ ржирж┐ржЬрзЗрж░ ржкрж╛рж░рзЗ ржжрж╛ржБрзЬрж┐рзЯрзЗ ржЖрждрзНржоржорж░рзНржпрж╛ржжрж╛ржмрж╛ржи рж╣ржУрзЯрж╛ ржкрзНрж░рзЯрзЛржЬржи,,ржЖржмрзЗржЧрзА ржХржерж╛,ржЖрж░ ржзрж░рзНржорзЗрж░ ржжрзЛрж╣рж╛ржЗ ржжрж┐рзЯрзЗ рж╕ржм рж╣ржмрзЗ ржирж╛ ржмрж╛рж╕рзНрждржмрждрж╛рж░ ржорзБржЦрзЛржорзБржЦрж┐ рж╣ржУ",1
рждрзЛрж░ ржоржд ржорж╛ржЧрж┐ ржмрзЗржЗрж╢рзНржпрж╛ ржЗрж╕рж▓рж╛ржо ржЫрж╛рзЬржгрж▓рзЗ ржХрж┐ ржмрж╛рж▓ ржЖрж╕рзЗ ржпрж╛рзЯредред,2
ржЖрж╣рж╛рж░рзЗ ржЖрж▓рзНрж▓рж╛рж╣ ржХрждрзЛ рж╕рзБржирзНржжрж░ ржХрж░рзЗ рж╕рж╛ржЬрж┐ржпрж╝рзЗ рждрзИрж░рж┐ ржХрж░рзЗржЫрзЗржи ржирж╛рж░рзА ржХрзЗ рж╕ржорзНржорж╛ржи ржжрж┐ржпрж╝рзЗржЫрзЗржи ржЖрж░ ржПрж░рж╛ ржмрж▓рзЗ рж╕ржорждрж╛ржпрж╝ржи ??,1
ржХрзЛржерж╛рзЯ ржЫрзЗрж▓рзЗ ржЖрж░ ржХрзЛржерж╛рзЯ ржорзЗрзЯрзЗ ржХрж╛рж░ рж╕рж╛ржерзЗ ржХрж┐ ржкрж╛ржирзНрждрж╛ ржнрж╛рждрзЗ ржШрж┐редрж╣рзНржпрж╛рж╕ржХрж░,2
рж▓рж┐ржЩрзНржЧ рж╕ржорждрж╛ ржХрж╕рзНржорж┐ржиржХрж╛рж▓рзЗржУ рж╕ржорзНржнржм ржирж╛рж░рзЗ ржкрж╛ржЧрж▓рж╛,2
"рж▓рж┐ржЩрзНржЧ рж╕ржорждрж╛рзЯ ржЖржирждрзЗ рж╣рж▓рзЗ ржЖржЧрзЗ ржЧрж░рзНржд ржнрж░рж╛ржЯ ржХрж░рждрзЗ рж╣ржмрзЗ ржкрж░рзЗ ржЧрж╛ржЫ рж▓рж╛ржЧрж╛рждрзЗ рж╣ржмрзЗ,, ржЖрж░ рждрж╛ ржирж╛ рж╣рж▓рзЗ ржЖржЧрзЗ ржЧрж╛ржЫ ржХрж╛ржЯрждрзЗ рж╣ржмрзЗ ржкржбрж╝рзЗ ржЧрж░рзНржд ржХрж░рждрзЗ рж╣ржмрзЗ ЁЯдРЁЯдРЁЯдР",2
ржкрзБрж░рзБрж╖рж░рж╛ рж░рж╛рж╕рзНрждрж╛рзЯ ржШрзБрж░рждрзЗржЫрзЗ ржЪрж╛ржХрж░рж┐ ржкрж╛ржЪрзНржЫрзЗ ржирж╛ ржЖрж░ ржЖржкржирзЗ ржирж╛рж░рзА ржирж┐рзЯрзЗ ржкрзЬрзЗ ржЖржЫрзЗржи,2
ржирж╛рж░рзАрж░ ржЙржирзНржирзЯржи ржХрж░рждрзЗржЫрзЗ рждрзЛред рждрж╛ржЗрждрзЛ ржЬрж╛рзЯржЧрж╛рж░ ржЬрж╛рзЯржЧрж╛рж░ ржзрж░рзНрж╖ржгрзЗрж░ рж╢рж┐ржХрж╛рж░ рж╣ржЪрзНржЫрзЗ ржирж╛рж░рзАрж░рж╛ред ржЖрж░ ржЖржкржирзЗ ржзрж░рзНрж╖ржирзЗрж░ ржХрж╛рж░рж┐ржжрзЗрж░ ржлрж╛ржБрж╢рж┐ ржжрж┐ржЪрзНржЫрзЗржи ржирж╛ред,2
рж╕рзГрж╖рзНржЯрж┐рж░ рж╢рзБрж░рзБ ржерзЗржХрзЗ ржирж╛рж░рзАрж░рж╛ ржкрзБрж░рзБрж╖рзЗрж░ ржжрзНржмрж╛рж░рж╛ рж╢рзЛрж╖рж┐ржд ржирж┐рж░рзНржпрж╛рждрж┐рждред ржмрж┐рж╢рзНржмрзЗрж░ рж╕ржм ржжрзЗрж╢рзЗ ржХржо ржмрзЗрж╢рзА ржП ржзрж╛рж░рж╛ ржмрж┐ржжрзНржпржорж╛ржиред рждржмрзЗ ржмрж╛ржВрж▓рж╛ржжрзЗрж╢рзЗ ржЖржЬржХрж╛рж▓ ржпрж╛ рж╢рзБрж░рзБ рж╣ржпрж╝рзЗржЫрзЗ рждрж╛ рж╕рждрзНржпрж┐ ржЕрж╕рж╣ржирзАрзЯ ЁЯШв,2
"ржнрзАрж╖ржг рж░ржХржо ржЙржЧрзНрж░рждрж╛ ржоржЧржЬрзЗ ржзрж╛рж░ржг ржХрж░рзЗржЗ ржПржЗ ржжрзБржЗ ржирж╛рж░рзАржмрж╛ржжрж┐ ржПржЦрж╛ржирзЗ ржПрж╕рзЗ ржХржерж╛ ржмрж▓ржЫрзЗ рж░рзЛржХрзЗржпрж╝рж╛ ржХржмрж┐рж░ (ржирж┐рж░рзНржмрж╛рж╣рзА ржкрж░рж┐ржЪрж╛рж▓ржХ, ржмрж╛ржВрж▓рж╛ржжрзЗрж╢ ржирж╛рж░рзА ржкрзНрж░ржЧрждрж┐ рж╕ржВржШ) ржПржмржВ ржЖрж░рж┐ржлрж╛ рж░рж╣ржорж╛ржи рж░рзБржорж╛ ",1
ржПржЧрзБрж▓рж╛ рж░рж╛рж╕рзНрждрж╛рж░ ржорзЗрзЯрзЗ ржмрзЗрж╢рзНржпрж╛,2
ржЦрж╛ржиржХрж┐рж░ ржкрзЛрж▓рж╛ рждрзЛрж░ ржорж╛рж░рзЗ ржХрж╛ржЙржпрж╝рж╛ ржжрж┐ржпрж╝рж╛ ржЙржбрж╝рж╛ржЗржпрж╝рж╛ ржЪрзБржжрж┐ ржмрзЗрж╢рзНржпрж╛рж░ ржкрзЛрж▓рж╛ ржЪрзБржк ржерж╛ржХ,2
ржЦрж╛ржиржХрж┐ ржорж╛ржЧрж┐ рж╕ржорж╛ржЬ ржЯрж╛ржХрзЗ ржирж╖рзНржЯ ржХрж░рзЗ ржлрзЗрж▓рждрзЗржЫрж┐рж╕ ред,2
рждрзЛрж░рж╛ рждрзЛ ржЪрзБржжрждрзЗ ржкрж╛рж░рж╕ ржирж╛ред рждрж╛ржЗ ржЖржорж░рж╛ рждрзЛрж░ ржорж╛ ржмрзЛржиржжрзЗрж░ ржЪрзБржжрзЗ ржХрж░рж┐ред ржЦрж╛ржиржХрж┐рж░ ржкрзЗрж╛рж▓рж╛ред,2
ржнрж╛ржЗржпрж╝рж╛ ржЖржкржирж╛ржХрзЗ ржзрзЛржБржХрж╛ ржжрж┐ржпрж╝рзЗ ржПржЗ ржорзЗржпрж╝рзЗржЯрж╛ ржЕржирзНржп ржПржХржЯрж╛ ржЫрзЗрж▓рзЗржХрзЗ ржмрж┐ржпрж╝рзЗ ржХрж░рзЗржЫрзЗ ржжрзЗржЦржЫрзЗржи ржХрзЛржиржжрж┐ржи рж╕рзБржЦрзА рж╣рждрзЗ ржкрж╛рж░рзЗ ржирж╛ржЗ рж▓рзЛржнрзЗ ржкрж╛ржк ржкрж╛ржкрзЗ ржорзГрждрзНржпрзБ ржПрж╕ржм ржорзЗржпрж╝рзЗржжрзЗрж░ ржПржоржи ржХрж░рж╛ ржЙржЪрж┐ржд,2
ржПржЗ ржзрж░ржирзЗрж░ ржорзЗрзЯрзЗржжрзЗржХрзЗ ржХрзЛржирзЛржжрж┐ржиржУ ржХрзНрж╖ржорж╛ ржХрж░рждрзЗ рж╣ржмрзЗ ржирж╛,1
ржкрзБрж░рзБрж╖ рждрж╛рж░ ржирж┐ржЬрзЗрж░ ржпрзМржи-ржЙрждрзНрждрзЗржЬржирж╛ рж╕рж╛ржорж╛рж▓ ржжрзЗржмрж╛рж░ рж╢рж┐ржХрзНрж╖рж╛ ржЕрж░рзНржЬржи ржХрж░рзЗ ржирж╛ I ржЖрж░ рждрж╛рж░ ржЬржирзНржп ржорзЗрзЯрзЗржжрзЗрж░ржХрзЗ ржмрзЛрж░ржЦрж╛-рж╣рж┐ржЬрж╛ржм ржжрж┐рзЯрзЗ ржорзБрзЬрзЗ рж░рж╛ржЦрзЗ I ржорзЗрзЯрзЗржжрзЗрж░ ржЪрзБрж▓ ржжрзЗржЦрж▓рзЗ ржпржжрж┐ ржкрзБрж░рзБрж╖рзЗрж░ ржЙрждрзНрждрзЗржЬржирж╛ рж╣рзЯ рждржмрзЗ ржкрзБрж░рзБрж╖рзЗрж░ ржЪрзБрж▓ ржжрзЗржЦрж▓рзЗ ржХрзЗржи ржорзЗрзЯрзЗржжрзЗрж░ ржЙрждрзНрждрзЗржЬржирж╛ рж╣ржмрзЗ ржирж╛ ? рж╕рзБрждрж░рж╛ржВ ржкрзБрж░рзБрж╖ржжрзЗрж░ржУ ржорж╛ржерж╛рзЯ рж╣рж┐ржЬрж╛ржм ржХрж░рж╛ ржЙржЪрж┐ржд I,2
рж╕ржм ржжрзЛрж╖ ржжрж┐ржкрзБрж░! ржХрж┐ржирзНрждрзБ ржмрж┐ржмрж╛рж╣рж┐ржд рж▓рзБржЪрзНржЪрж╛ ржирж╛рж░рзАржЧрзБрж▓рж╛ ржПржХрзЗржмрж╛рж░рзЗ рждрзБрж▓рж╕рзАржкрж╛рждрж╛,2
ржорзЗржпрж╝рзЗрж░рж╛ ржЕржирзЗржХ рж▓рзЛржнрзА рждрж╛ржЗ ржПржжрзЗрж░ ржХржкрж╛рж▓рзЗ ржПржоржиржЯрж╛ рж▓рзЗржЦрж╛ ржЫрж┐рж▓,1
ржорж╣рж┐рж▓рж╛рж░рж╛ ржмрзЗрж╢рж┐ рж▓рзЛржнрж┐ рждрж╛ржЗ ржмрзБржЬрждрзЗ ржкрж╛рж░рзЗ ржирж╛ржЗ,2
ржирж╛рж░рзА рждрзБржЗ ржХрж▓ржЩрзНржХрж┐ржирзА ржирж╛рж░рзА рждрзБржЗ ржЬрж╛рж╣рж╛ржирзНржиржорзА,2
