Text,label,Level-B
"ইসলামের সচেতন সৈনিক,কুত্তার বাচ্চা, তোদের শিক্ষা নিয়া তোরা তোদের পছন্দের দেশ ফাকিস্তানে যা। সেখানে গিয়া মত প্রকাশ কর, কেউ বাধা দিবে না। বাংলাদেশে থাকলে চোদনের উপ্রেই থাকতে হবে।",1,ReAG
ধর্ম মানে অশান্তি,1,ReAG
"হিন্দু প্রকারভেদ।  রাধাকৃষ্ণ  কৃষ্ণ_কৃষ্ণ বুঝলেন না তো??? কোন কোন হিন্দুরা দাবী করে রাধা শ্রীকৃষ্ণের গার্ল ফ্রেন্ড ছিল। যে কিনা সম্পর্কে মামী হইতো। আবার, কেও কেও দাবী করে রাধা নামে কেও ছিলই না। এটা মধ্যযুগীয় ধর্মের নামে অপপ্রচার। ভাই, আপনাদের আসল কিচ্চা কাহিনী আসলে কি? একটু জানিতে চাই।",1,ReAG
"সালা তুই একটা হিন্দুর বাচ্চা , নামের পরে খান লাইগাচোচ বইলা জাতী কি বুজবেনা ভাবচোচ...?  যা তোদের মন্দিরের ঠাকুররাও কত মাগীগ করে তাও আবার মন্দিরের ভেতর দেখে আয়",2,ReAG
হিন্দুদের দেশ বাংলাদেশ। জয় শ্রী রাম,1,ReAG
"হিন্দুদের মারবি বলছিস, হিন্দুরা তোদের কি বাল ছিঁড়ে নিয়েছে",1,ReAG
বেশি ধর্ম বুঝে গেছিস না। জানোয়ার,1,ReAG
বাংলাদেশ থেকে হিন্দুদের বের করে দেয়া হবে খুবই তারাতাড়ি,2,ReAG
"কিরে নাপাক জাত,,গালি কারে দিস",1,ReAG
তোরা ডান্ডির মায়েরে চুদি চুদমারানীরপোলা নাপাক ডান্ডির জাত,2,ReAG
"মাঘীরচুদা ধনপুজারীর জাত,,ভোদাপুজারীর জাত,,লেংটামুর্তি পুজারীর জাত",2,ReAG
উগ্রবাদী ডান্ডি,1,ReAG
তোরা ডান্ডি মাঘীরচুদারা মুসলিম দেশ বাংলাদেশে বড় বাড়া বাড়ছোস,2,ReAG
তোরা ডান্ডি নাপাক জাতদের পুটকি মেরে তোদের দাদারবাড়ি দিল্লিতে দূর করব,2,ReAG
মসজিদে গিয়ে আগুন লাগাও,2,ReAG
হিন্দুদের ঘৃণা করো,2,ReAG
হিন্দু ধর্মের কোনো ধর্ম নাই এটি পালটু টাইম পাস,1,ReAG
দরকার হলে জিহাদ করব। তবু হিন্দুদের চারব না।,2,ReAG
হিন্দু ধর্ম পুরাটাই ভন্দামি।,1,ReAG
"হিন্দু বাচ্চা ডোম , মুচির ধর্ম",1,ReAG
হিন্দু কোনো ধর্ম নেই,1,ReAG
"হিন্দুদের আর কয়েকটি নাম হলো মালায়ন,নেংটি,কাডুয়া",1,ReAG
হিন্দু ধর্ম পাগল,1,ReAG
হিদু মানি ভেজাল,1,ReAG
তোমাদের মত আলগা মোল্লা টাইপের শয়তানের জন্য সমাজ নষ্ট হয়,2,ReAG
বাংলাদেশ মুসলমানদের মানুষিকতা কতটা নিচু,1,ReAG
হিন্দু ধম নেংটা ধম,1,ReAG
বালের হিন্দু,1,ReAG
"জিকির না গান না উচ্চাঙ্গসংগীত বুঝতে পারলামনা, হয়তো বা শয়তান বুঝবে",1,ReAG
তেমনি ধর্মান্ধ মুসলিমের কাছে উটমুত্র পবিত্র।,1,ReAG
এরা নাম দ্বারি টাইটেল প্রাপ্ত জানোয়ার,1,ReAG
মুর্তি পুজা কবর পুজা রাতের ভোটসব মিলিয়ে দেশ আজ জাহান্নাম,1,ReAG
আর ৭১ জামায়াতে ইসলামের আলবদর আলশামস শান্তিকমিটি হানাদার বাহিনীর কারনে ২ লাখ ধর্ষনের কারনে জামায়াত ইসলাম এখনও দৌড়ের উপর।,1,ReAG
মসজিদ যতদিন বন্ধ থাকবে ততই বাড়তে থাকবে করোনা ভাইরাস আক্রান্ত,1,ReAG
"হিন্দুয়া,,,,, তোর স্থান হলো রেন্ডিয়া",1,ReAG
জঙ্গিরা ইসলামের অপ ব্যাখ্যা করে আজ সারা দুনিয়ায় ইসলামকে বিরর্কিত করেছে,1,ReAG
জাকির নায়েক হীন্দুদের গোয়েন্দা সংস্থা'র'এর এজেন্ট হ‌ওয়ার কারনে ভারতের মত দেশে এতদিন সে প্রকাশ্যে ইসলাম প্রচার করতে পেরেছিল,1,ReAG
সয়তানি ধর্ম হিন্দু সম্প্রদায়ের,1,ReAG
"মন্দিরের ভন্ডামি ভিতরে কাউকে ছবি তুলতে দেয় না হালারা, নিজেরাই লাল রঙ ডাইলা মায়ের মাসিক বানায়",1,ReAG
হিন্দু ধর্মের গ্রন্থে অনেক অবজ্ঞানিগ কথা আছে জা দারা প্রমাণিত হয়েছে জে হিন্দু ধর্ম মানব রচিত ধর্ম,1,ReAG
কোন খানকির ছেলে বলতে পারবেনা মুসলিমদের পুর্বপুরুস হিন্দু ছিল,2,ReAG
"জঙ্গীবাদী,, মানুষ খুনের ধর্ম ইসলাম",2,ReAG
দেবতা লুইচ্চা কৃষ্ণ,1,ReAG
জংগী হলো হিন্দুরা,1,ReAG
বড় জংগী ছিলো নবী এই জন্য তোর ধর্ম জংগীর ধর্ম ।শয়তানের ধর্ম,1,ReAG
"তোর হিন্দু ধর্মে গরুর মুত ও গোবর খাওয়ার নির্দেশ আছে, তাই লুচ্চা কৃষ্ণ আর রাধা খানকি খেত।",1,ReAG
সীতা খানকি কে লেংটা করে বেজন্মা রামচন্দ্রের সামনে চুদেছিলো সে,2,ReAG
তোরা হিন্দুরা ছাগলের মুত খাস? নুনুকাটা হিজড়া শিব আর পার্বতী খানকি ছাগলের মুত খেত?,1,ReAG
"হিন্দু ধর্মের অারেক নাম ""চটি"" ধর্ম।যার ইতিহাসের পরতে পরতে অবাধ যৌনতা ও অশ্লীলতা মিলে মিশে একাকার",2,ReAG
হিন্দু ধর্ম হচ্ছে একটা সারালের ধর্ম ওয়াক থু থু থু,2,ReAG
তুই নিজে নংরা তোর ধর্ম নংরামী তে ভরা তোদের নবী মহম্মদ মেয়েদের গুদে ফু দিয়ে বেড়াত  তোদের নবী নিজের ছেলের বৌ কে চুদেছিল,2,ReAG
জঙ্গি বাদি ইসলাম,1,ReAG
নোংরা হিন্দুরা ধর্মের নামে এসব নোংরামিই ভালোবাসে এবং মজা পায়,2,ReAG
ধর্মের নামে এসব নোংরা কাহিনি  মন্দিরের ভন্ড গুরুদের আবিস্কার।।,1,ReAG
শীবলিঙ্গ আর যোনি পূজা এই অশ্লীল কাজ ইতো আপনাদের ধর্ম,2,ReAG
সুবিধাবাদী আর লুচ্ছা হিন্দুরা নাস্তিক হিন্দুরা গুরুরা এতেই মজা পায় আর সমাজে এর বিস্তার ঘটাচ্ছে,2,ReAG
"এই হিন্দুরা বেইমানের জাতরা আরব দেশ গুলোতে ভিক্ষা করে খায়, আর মুসলমানদের তাড়ানোর জন্য দেশে দাঙ্গা বাধায়",2,ReAG
মূর্তি পূজকরা হল বিশ্বের সবচেয়ে ভয়ংকর অহংকারী আর হিংস্র জাতি যাদের বন্দু হল অভীশপ্ত ইহুদিরা।,1,ReAG
তুদের ইসলাম ধর্মে এই অনুমতি আছে।তোদেরকে অমানুষ বানাবার জন্য।,1,ReAG
ধর্ষণ করা আপনাদের হিন্দু ধর্মে বৈধ,2,ReAG
আপনাদের হুজুর রা খালি মানুষ খুন করতে বলে কেনো?,2,ReAG
দুনিয়ার সব কুসংস্কার ও নষ্টামী। ছিঃ! ছিঃ! তোদের হিন্দু ধর্মে,1,ReAG
তোরা ধন কাটা মূসলমান হিন্দু ধর্মের কি জানিস। জদিও তোদের বাপ ঠাকুরদা হিন্দু ছিল,2,ReAG
"কোন উৎকৃষ্টতার নজির মুসলমান ধর্মে আছে?যে ধর্মের শুরু হয় ছেলেদের লিঙ্গের অগ্রভাগ এবং মেয়েদের যোনির অগ্রভাগ ছেদনের মধ্য দিয়ে, যে ধর্মে ঘরের বাইরে বেরোতে গেলে মেয়েদের বস্তা মুড়ি দিতে হয়",2,ReAG
"এই নিকৃষ্ট কুকুরের বাচ্চা মালাউন, গালি দিলি কেন??? তোরা নিকৃষ্ট জাতি, লিঙ্গ পুজা, কুকুরের সাথে মানুষের বিয়ে দিস, এটা কোনো ধর্ম হল??",2,ReAG
আপনি কি নিজের ধর্ম বোঝেন?আবার আসছেন হিন্দু ধর্ম নিয়ে কথা বলতে?,1,ReAG
হিন্দু সালারা মালাউনদের বাচ্চা রা সব চেয়ে বেশি নিক্রিস্ট ধর্ম হলো হিন্দু ধর্ম তোরা ইসলাম পবিত্র ধর্মর ব্যাপারে কি আর বুজবি,2,ReAG
ওদের কমেন্টস দেখলেই মনে হয় পৃথিবীর মধ্যে সবচেয়ে নিকৃষ্ট বাংলাদেশি মুসলমান,1,ReAG
"হিন্দুদের যোনী পূজা, আর সৌদির কালো যোনী পাথর চুম্মা দেওয়া একই।",1,ReAG
বদমাইস।আমি আমার নিজের হেতে একটা মাটির পুতুল বানালাম। এই পুতুলে সৃষ্টিকর্তা আমি। এই মাটিত পুতুল আমার রব হয় কিভাবে।,1,ReAG
মূর্খ জাত!! ইসলাম ছাড়া কোন ধর্ম পৃথীবিতে নাই!! বাকিগুলা মানুষের তৈরি ধর্ম!!,1,ReAG
আমি যানতে চাই কালীর চেহারাটা এত ভয়ঙ্করী কেন - যাকে আপনারা পূজা করেন তা দেখে ভয় পাওয়ার কারন হবে কেন,1,ReAG
এই বেডি মন্দিরে আসার আগে কাঞ্চনা মুভি দেখে আসছে,1,ReAG
তোরা নিজেরা মূর্তি বানায় তাকে সে দানিশ তাকে প্রবন মানুষ তাকে সকল ক্ষমতার উৎস বস মানিশ এটা পাগলামি ছাড়া আর কিছুই না।,1,ReAG
"সব পাগল পুগলের কারখানা হিন্দুদের মাঝে, ১ হাত জিববা বের করে আছে দেকলেই তো ভয় লাগে। জাকে দেকলে ভয় লাগে সে কখনো মানুষের কল্যানে আসতে পারে আমি বিশ্বাস করি না। সবি নাটক আর কিছু না।",1,ReAG
যেমন ধর্ম তেমন কর্ম যত্তসব পাগল কারখানা,1,ReAG
এগুলো কোন ধর্মীয় কৃষ্টি-কালচারের পড়ে না আসলে সনাতন ধর্ম একটি শয়তানের উপাসনা করে,1,ReAG
সম্পূর্ন ভুয়া আর ভন্ডামি এগুলো সব ধর্মে আছে এরা আসলে কি ভাবে লোক সমাজে মুখ দেখায় বুঝি না।।।,1,ReAG
কিরে বাঁড়া কিছু বুঝলাম না ভগবান কে ভালোবাসো ঠিক আছে ন্যাকামো করার কি আছে যতসব পাগল ছাগলের উৎপাত ওই মহিলার কান্ড দেখে ভগবান মনে হয় ভয় পেয়ে গিয়েছিলো,1,ReAG
ওর ভোদায় সাথে সাথে বাশ ঢোকালে ঠিক হয়ে যেত কারন বাশ তো ওর ঢুকথ না ঢুকতো কালির ভোদায় আর কালি ওকে ছেরে চলে যেত ও ঠিক হয়ে যেত 100%,2,ReAG
মহিলার কান্ড দেখে আপনাদের মা কালী নিজেই ভয় পাইছে,2,ReAG
"আমি মনে করছি, এই মহিলা কি তার ভগবান কে ভয় দেখালেন নাকি, মহিলা কি বুঝে গিয়েছে নাকি মূরতি তো মূর্তি এতে কি আবার জীবন আছে নাকি, যতসব পাগলের মেলা, সময় হারিয়ে বুজবে, অকারণে তুলসির মুলে জল ঢালিলাম। তার দেখা না পাইলাম, পাগল",1,ReAG
"এটা কি হলো, তাদের কালি কে # দারুন শাড়ী পড়ে একটি দলা সুন্দরী এভাবে টোল করছেআর চেচামেচি করছেআর কালী দীদী হা করে তাকিয়ে আছেতার মানে ইনি কালি দিদির বড় কালী দিদি আকাশ ভরা তারা হোগামারা সারা",1,ReAG
"জয় মা কালি,এটা একটা রোগ।",1,ReAG
গোমূত্র খাওয়া বেশি হয়ে গেছে তাই এরকম ভাব হচ্ছে ।এখন একটু মানুষের মূত্র খাওয়া দিলেই ঠিক হয়ে যাবে।,1,ReAG
কালির নতুন ভার্শন,1,ReAG
বয় পাবেন না পাগল চাগেলর ইবাদত করতেচে,1,ReAG
আসলে হিন্দু সম্প্রদায়ের অনুগামীরা পাগলের মেলা। তারা পাগল তাই হিন্দু ধর্ম পালন করে।,1,ReAG
মুত্তি পুজা তো হারাম। এটা কি কোন ধর্মের কাতারে পরে নাকি। গরুর মুত খায। যতো সব পাগল ছাগলের কাজ।,2,ReAG
ধর্ম নিয়ে কতো ভন্ডামি করবে হিন্দুরা,1,ReAG
কালি সয়তান আসর করছে দর্ষকলীগ খবর দেন।,1,ReAG
গরুর মুতের সাইড ইফেক্ট,1,ReAG
পুরোটাই অভিনয় পীরের মাজারের মত,1,ReAG
পোজা করে ফালথু টাকা করচ। করে কোনো লাপনাই,1,ReAG
গাঁজা সেবন করুন কালির দর্শন পাবেন । এতক্ষমতা পারলে ভারত বর্ষকে করনা মুক্ত করে দেখান।,1,ReAG
Direct শয়তানের পূজা করা হয়।মুর্তি গুলোর ভিতরে শয়তান থাকে। হিন্দুদের পূজায় এমন প্রায়ই ঘটতে দেখা যায়।,1,ReAG
সম্পূর্ণ পাগলের প্রলাপ এই ভাবেই হিন্দু ধর্মে ধ্বংসের দিকে এখনই,1,ReAG
পৃথিবীতে সব চেয়ে খারাপ ধর্ম থাকলে সেটা হলো হিন্দু ধর্ম এটা তার প্রমান।,1,ReAG
তুর গাছ বাশ তুই পুজা করে তুর পুটকিতে ডুকাই রাখ,2,ReAG
"ভারতের বাহিরে ১টি মন্দির আমাকে দেখিয়ে দিন। তা পারবেন না। কারন মন্দির সব ভারতে, ভারতের বাহিরে আপনাদের চিহ্ন নেই",1,ReAG
কুত্তার দাম আছে আপনাদের হিন্দুধর্মের কোনো দাম নাই,1,ReAG
আরে ভাই কিট পতংগের সাইজো বড়ো আছে হিন্দুধর্মের তুলনায়,1,ReAG
আপনি মুসলিম নামের কলংক,1,ReAG
তুই সবচে বর ইয়াহুদি,1,ReAG
"শালা একটা ভণ্ড, ইসলামের নতুন ফেতনা",1,ReAG
"দুনিয়ার ৭৬% মানুষের কাছে কুরানের কোন দাম নাই। সেখানে যদি আপনি কুরান নিয়ে আসেন, তাহলে আসল মুর্খটা কে? আপনি না পৃথিবীবাসী?",1,ReAG
ইসলাম কি কোন জাতি?,1,ReAG
আল্লা পাক সেক্স ভিডিও নিয়া ব্যস্ত আছে।,2,ReAG
ইহুদীদের বালের সমান যোগ্যতা তোদের ইসলাম ধর্মের মানুষদের আছে???,1,ReAG
তোরা ইহুদীরা মানুষকে সন্ত্রাস করার শিক্ষা দেয়,2,ReAG
হাস্যকর কথা  এই থেকেই বোঝা গেল আপনি কতটা মূর্খ হাদিস এ বলা আছে দজ্জাল ও মহামারি আসতে পারবে না মদিনায়!!!!  আর আপনি বললেন হাদিসে নাকি বলা আছে যে দজ্জাল ও প্লেগ মদিনায় ঢুকতে পারবে না এই কথাটা কোথায় বলা আছে!!!! আর প্লেগ সম্পর্কে বলা হয়েছে যে এটি একটি এমন রোগ যার কোন প্রতিকার নেই কিন্তু ইহুদি ও নাসারা এই রোগের প্রতিকার বের করে ফেলেছে তার মানে বোঝা গেল ধর্ষক মহম্মদ সেই গুলো কিছুই বুঝতে পারে নি,1,ReAG
আপনি তো বিশ্বাস করেন যীশুকে ইহুদিরা ক্রশবিদ্ধ করে হত্যা করেছিল ।খুব জানেন তাহলে মরার মতো হিন্দু ফালতু ধর্ম ত্যাগ করে খ্রিস্টধর্ম গ্রহণ করূন ।,1,ReAG
আল্লাহ নারীদের সৃষ্টি করেছে পুরুষের ভোগ্যপণ্য হিসেবে এবং যৌনসঙ্গম জন্য,1,ReAG
"আমি হিন্দু ধর্ম বিশ্বাস করি, হিন্দু ধর্ম ও মুসলিম ধর্ম যৌনসঙ্গমে ভরা",1,ReAG
ইসলাম ধর্মে নারীর কোনো মর্যাদা ও সম্মান নেই। ইসলাম ধর্মে নারীর মর্যাদা শুধু তার গোপনাঙ্গের,2,ReAG
ইসলাম ধর্মে নারীদের সম্মান নাই। তাই তিনি নারীদের তেঁতুলের সাথে তুলনা করেছেন। শুধু আমি একাই ইসলাম ধর্ম ত্যাগ করি নাই। তেঁতুল হুজুরের ঐ কথা শুনে হাজার হাজার নারী ইসলাম ধর্ম ত্যাগ করেছে। ইসলাম ধর্মের সমস্ত নারীদের ইসলাম ধর্ম ত্যাগ করা উচিত,2,ReAG
"ইসলাম ধর্মে নারীদের নিকৃষ্ট জীব হিসেবে মনে করা হয়। কাজেই এই ধর্ম আমার জন্য নয়। হতে পারে, এই ধর্ম আপনার মা বোনের জন্য।",1,ReAG
ইসলাম হল একমাত্র ধর্ম বাকি সব ধর্ম কাফের দের তৈরি।,1,ReAG
একমাত্র হিংসার ধর্ম হল ইসলামধর্ম।,1,ReAG
তুইও হযরত মুহাম্মদ এর মত মাগীবাজ ‌।,2,ReAG
হজরত মুহাম্মদ তোর মা ও আমার সাথে মাগীবাজি করেছে । হজরত মুহাম্মদ একজন মাগীবাজ ছিল,2,ReAG
"জাকির নায়েক একজন ভন্ড প্রতারক । তিনি ইসলাম ও খ্রিস্টান, ইহুদি ধর্ম বিকৃতি করিয়াছেন",1,ReAG
"তুই আগে প্রমাণ কর,,খ্রীষ্টান সত্য ধর্ম! শালী বস্তি!!! ঈসা নবী ইসলাম প্রচার করতে আসছে,,,আর জানোয়ার খ্রীষ্টানের দল তার ধর্ম আর কিতাব দুইটারেই পরিবর্তঅন করে ফেলসে",2,ReAG
"জানোয়ার বাইবেলের প্রথম পেইজ শুরু হইসে আবাল চোদা কাহিনী দিয়া,, পুরা বাইবেল জুড়ে আবালচোদা কাহিনি",1,ReAG
তোরে আর তোর খ্রীষ্টান ধর্মরে জুতাপেটা করবো আমি,2,ReAG
হিন্দু  জাতটা এরকম  হয়,1,ReAG
শালা  আসিফার  মতো  আরো  মুসলিম  মেয়েদের  রেইপ  করা  উচিত,2,ReAG
জাহান্নামে  যাবি তোরা ঐখানে পুড়ে মরবি শালারপুতেরা,2,ReAG
"আমাদের হিন্দুদের কলঙ্ক সৃজিত..শালা আর মেয়ে পেলো না , গাই বাছুর সহ বিয়ে তাও আবার মুসলিম মেয়ে	",1,ReAG
"তোদের ভগবান কত জন? তোদের সৃষ্টিকর্তা কে? কৃশ্ন, মহাদেব,মা দূর্গা, কার্তিক,গণেশ, নাকি হনুমান?",1,ReAG
আর  এটাও  ন্যাচারাল  মুসলিমরা  অনেক  বেশি  নৃশংস  হয় .....শালার  জাত  পশুর  জাত,2,ReAG
মোল্লাদের মা  গুলো  আগে  চোদা  দরকার ....,2,ReAG
মুসলিম  জাতিটাকে হাটাতে হবে এরা দেশের কুত্তা থেকেও অধম,1,ReAG
ওদের  মধ্যে   হিন্দুও  ছিল ...তাই  ধর্মের  নাম  না  দিয়ে  জানোয়ার  বলা  দরকার ...,1,ReAG
"মোল্লাদের ঘরের মেয়েদের এরকম ধরে যতদিন ধর্ষন না করা হবে, তত দিন এরা শায়েস্তা হবেনা।	",2,ReAG
আমার মতে তোর কোন ধর্মই নেই,1,ReAG
খানকির ছেলে মাদার চোদ হিন্দু চোদা ভোলানাথ নস্কর কি তোর নাজায়েজ বাবা ছিল۔ শুয়োরের চোদা۔ জাত ধর্ম না দেখে মানুষ কে ভালোবাসা সেখ সমাজে সন্মানপাবি۔ তোদের মতো জানুয়ার দের জন্য আজ সমাজ রসতলে যাচ্ছে,2,ReAG
"মুসলিমরাই  এমন  কাজ  করতে  পারে , জানোয়ার  বাচ্চারা , ওদের  সবার  ফাঁসি  চাই",2,ReAG
বোকাচোদা আমার কমেন্ট টা ভাল করে পড় মাদারচোদ। আমিও সেটাই বলেছি যেটা তোদের কোরানে আছে।,2,ReAG
যত সমাজবিরোধী কাজকর্ম তার ৯০%একটি ধর্মের মানুষরাই করে।,2,ReAG
হিন্দু যতো দিন খালি নিজের সারথের কথা ভাববে ততোদিন হিন্দু দের ওপর অতাচার হবে।শালা  একটি আতঙ্কবাদী  ধর্ম।,1,ReAG
এই মাদারচেদ ধোন কাঁটা মোল্লার বাচ্চাদের গুষ্ঠি একদিন পুরো মায়ানমারের মতো সাফ হয়ে যাবে... জয় শ্রী রাম,2,ReAG
মালুর বাচ্চারা এগুলো মানে না এরা খালি বাচ্চা পয়দা করে,1,ReAG
"তোদের কোনো ধর্ম আছে আকাটা নোমো একজনে ধর্ম লিখে খেছে তা তোরা পালন কর। তোদের ধর্মে ভগবান হলো সাপ,বানর,হাতি,গরু, ধন, ছামা ইত্যাদি এখন বল তোদের ধর্ম কি আর মুসলমানের ধর্ম কি নিজে একটু ভাবতো।তাই না যেনে কথা বলবি না।",2,ReAG
তোদের পুজা অফ কর শালা...,1,ReAG
পূজা লাথি দিয়া নদীতে ফালামো,2,ReAG
"তোদের মিথ্যা ধর্ম নিয়ে যে বারাবাড়ি করছিস, তোরা যে মুর্তিকে পুজো করিস আবার সেই মুর্তিকে পানিতে ফেলচিস , এখনো সময় আছে নিজের বিবেক বুদ্ধি দিয়ে চিন্তা করো কোন ধর্ম বেসি ভালো, ইসলামই একমাত্র ইহকাল পরকালের শান্তির ঠিকানা",1,ReAG
পুজা বন্দ রাকা হুক,2,ReAG
মালাউন। পাশের দেশে ঈদের দিন টা প্রচারও করে না। আর ঈদের দিন কির্তন ঢাক ঢোল বন্ধ রাখবে কি? এরা হলো অশিক্ষিত হিন্দু মৌলবাদী।,1,ReAG
পুজোর কতটা দিন তোর মাথায় দাড়িয়ে আযান দেয়া হোক,2,ReAG
৯৯% মসলিম দেশে বসবাস করে হিন্দুর বাচ্চা বলে কি.......,1,ReAG
"মাটিকে মুর্তি বানিয়ে নম নম করিস,,,আবার বেটা বেশি কথা বলিস,,,,,1",1,ReAG
বাংলাদেশে পূজা বন্ধ করে দেয়া হক। কারন এটা মুসলিমদের দেশ।3,1,ReAG
তোদের মাইকের কারনে মসজিদে নামাজ পড়তে কষ্ট হয়+ মানুষ রাত্রে গুমাতে কষ্ট হয়। উল্টাপাল্টা পোষ্ট কইরবা জুতা পিটা খাইবা,2,ReAG
বাংলার জমিনে পুজা বন্দ হবে মসজিদের মাইক নয়।3,1,ReAG
মাটির পুতুল বানাইয়া পুজা করে এটা কোন ধম ???,1,ReAG
পুজোর সময়ে আজান বন্ধ করতে হলে মুসলিম রাষ্ট্র থেকে হিন্দুদের বিতারিত করতে হবে।,2,ReAG
তুই শালা নাস্তিক হিন্দু,1,ReAG
তুই শালা হিন্দু না হিন্দু যাতনা তুই শুয়োরের জাত,1,ReAG
হারামি তোদের পুজা বন্ধ কর। কাফির মালাউনের জাতএই গুলা এত প্রশয় পায় কিভাবে।,1,ReAG
তোর পূজা গোয়ায় ঢুকাবো শুওরের বাচ্চা,2,ReAG
"মামা বাড়ির আবদার,,,এদেশে পুজো করতে পারে এটাই তো বেশী",1,ReAG
অই তুই বলিসকি তোদের পুজোর জন্য আমাদের মসজিদের মাইক বন্ধ থাকবে তোদের পুজোই বন্ধ থাকা সালা।তোর উপর গজব পরুক সালার বাটা সালা।,2,ReAG
শালা তোদের মূর্খতার পরিচয় (পূজা) এটাতো করিস নানারকম বাদ্য-বাজনা এবং অশ্লীল গান ধারা এখানে আবার মসজিদের পবিত্র আজানের সাউন্ডের কথা বলছিস ব্লাস্টারের বাচ্চা ব্লাস্টার,1,ReAG
তোদের পূজা মন্ডপ ভেঙ্গে দেয়া হোক,2,ReAG
পূজা ওদের পাছা দিয়ে ঢুকিয়ে দিবো,2,ReAG
আযানের সময় ও নামাজের সময় যে পুজার মন্ডবে মাইকের আওয়াজ শব্দ পাওয়া যাবে সেগুলাকে গুড়িয়ে দিতে হবে।,2,ReAG
আচ্ছা একটা ব্যাদব।তোর মাটি দিয়ে বানানো মূর্তি গুলোকে ভেঙ্গে মাটির সাথে মিশিয়ে দিব।নাস্তিকেরর বাচ্চা কোথাকার!,2,ReAG
"বরং তোরা নামাজের সময় পুজা,ঢোলবাদ্য বন্ধ রাখবি।",1,ReAG
প্রয়োজনে পূজা বন্ধ হবে মসজিদের মাইক বন্ধ হবে না এই মুসলমানদের দেশে,1,ReAG
"তোদের পুজো বন্ধ করে দে, বেয়াদব, শুয়োরের বাচ্চা, তোরা তো শুকরের মাংস খাস, হালাল হারামের কি বুঝবি শুয়োরের বাচ্চা। তোদের দেবদেবী একেকটা বেশ্যার জাত, খানকির জাত। আমাদের ইসলাম ধর্মে এসব শিরকি কর্মকাণ্ড নেই। তোদের তো আমরা ধর্ম পালনে বাধা দেই নি তাহলে তোরা দেস কেন হারামীর বাচ্চা। তোদেরকে আসলেই রড পুড়ে তোদের গোপনাঙ্গে ছ্যাকা দেওয়া উচিত।",2,ReAG
তোদের পৃজাও বন্ধ রাখা হোক,1,ReAG
এ ই কুত্তা তোদের পূজা বন্ধ কর তোরা শুয়োরের বাচ্চা কোথা কার1,1,ReAG
লোটির বেটা কয়কি সালার মালু চুদি তোর পুজাই বন্দ কর।।,2,ReAG
তোদের পুজা বন্ধ রাখ বেয়াদব।1,1,ReAG
তর মরার পূজা বন্ধ রাখ তাতে কোন সমস্যা হইব না কিন্তু আমাদের আযান বন্ধ হইলে সমস্যা আছে বুঝলি,1,ReAG
পুজো এ দেশ থেকে উঠিয়ে দেওয়া হোক1,1,ReAG
তোর পূজা যেন বন্ধ থাকে কখনো মাইক বন্ধ হবে না,2,ReAG
"সমকামিতা করে হিন্দুরা, পরকীয়া করে হিন্দুরা, দূর্নীতি করে হিন্দুরা, দেশকে বিক্রি করে দিচ্ছে হিন্দুরা, দেশে যা কিছু খারাপ হচ্ছে তার সব কিছুর পিছনে জড়িত শুধুই হিন্দুরা",2,ReAG
"নিজেকে তো খুব ভালো ইমানদার মুসলমান হিসেবে আপনি দাবী করেন। একজন ইমানদার মুসলমান যদি এমন পক্ষপাতদুষ্ট হয়, তখন আর বাকীদের কথা না ই বা বল্লাম।।",1,ReAG
"কিছু মূর্খ মুমিন ধর্ম চোদায়, ওয়াজ অনুযায়ী দেশের মানুষ চলে করোনা আল্লাহর সৈনিক, মুসলমানদের তো করোনা ডুকার কোনো রাস্তায় নাই আলেমরা বলে।",1,ReAG
সকল হিন্দুকে সরকারি চাকরি থেকে বাদ দেওয়া হোক,2,ReAG
"আমি আমার জানামতে বা আমার বিবেকে যাহা উপলব্ধি করতে পারছি তাহল, পৃথিবীর মধ্যে একমাত্র নিকৃষ্ট কোনো ধর্ম থাকলে সেটা হচ্ছে হিন্দু ধর্ম।",1,ReAG
এই মাদ্রাসা ছাপ মূর্খ ভিকারির বাচ্চার দল একটাই জিনিস বুজে- এদের আল্লা তালা বেহেস্তে ৭২ টা লেংটা হুর নিয়া বইশা আছে।,1,ReAG
কলম দিয়ে অলরেডি সংবিধানে লেখে ফেলছি।এখন যদি কোনো মালাউন এটা মুছার চেষ্টা করে তবে তার রক্ত দিয়ে রাস্তা কালার করব।,2,ReAG
নবীজির অনেক সমস্যা ছিল । আমাদের ইমাম মাহাদীর জন্য ওয়েট করতে হবে ।,1,ReAG
"আমরাই শ্রেষ্ঠ , অন্যেরা কাফের",1,ReAG
"ফ্রান্স ধ্বংস হবে, নবীকে কটুক্তি করার কারনে",2,ReAG
যে ভাই এই জানোয়ারের বাচ্চা কে হত্যা করেছে সেই ভাই সমস্ত মুসলিম জাতির সম্মান রক্ষা করেছেন আপনাকে অনেক অনেক ধন্যবাদ ভাইয়া,2,ReAG
যার হাতে আমার জীবন মরন তার কসম যেই কাফের আমার নবী কে গালি দিবে আমি নিজে ও তাকে মেরে ফেলব,2,ReAG
"তোর জারজ বাপেরাও মক্কার উপর হাত দেয়ার চেষ্টা করেছিল, কিন্তু
ধ্বংস হয়ে গেছে , নবীকে নিয়ে কটুক্তি করে তোরাও ধ্বংস হবি",2,ReAG
কিরে গরুর মুত খাইতাছস না????তোগো হিন্দুগো মুসলমানরা একটা টুকা দিব তুই জাহান্নামে যাবি,2,ReAG
মালাউনের বাচ্ছা মালাউন।,1,ReAG
শয়তান বেটা আল্লাহ যে ভবনের সামনে মূত্র ত্যাগ করতে আসে সেই ভবনটির অর্ধেক মালিক আমি ও বাকি অর্ধেকের মালিক আমার বন্ধু যার নাম আসলাম খান ।,1,ReAG
আল্লাহ মরে গেলে সমস্যা নেই কারণ আল্লাহর পুত্র সন্তান পৃথিবী চালাতে পারে,2,ReAG
আমি মুসলিম ও আমি psg team সাপোর্ট করি । আল্লাহ শয়তান,2,ReAG
আল্লাহর মধ্যে একটু বেশি ভাব রয়েছে কারণ আল্লাহ নিজেকে মাত্রাতিরিক্ত বৃহৎ বলে থাকে ফলে আল্লাহ সহবাস করতে পারে না কারণ আল্লাহ বড় হওয়ায় চিপায় ঢুকতে পারে না ফলে আল্লাহ অতৃপ্ত থেকে যায় । অহংকার করার জন্য বৃহৎ আল্লাহর এই দশা ‌।,2,ReAG
শয়তান বেটা জাকির নায়েক আমার বড় বোনকে ধর্ষণ করেছে এখন বিচার চাই বিচার হচ্ছে আল্লাহর ফাঁসি কার্যকর করা হবে ।,2,ReAG
জোরে জোরে ঘেউঘেউ কর রেন্ডিয়া রেন্ডিস্তান হাগুস্তানের পশ্চিম কঙ্গোর বালকাতার পাকি কুত্তা চোদা নিচু জাতের কাঙলু রিফুজি .,1,ReAG
উটের গু মু খাওয়া বেশ্যা দেশি আল্কলাচুদা মাল্লু আল্লার ভদায় চুম্মা দিতে হজে জাবি না,2,ReAG
চুদানাল্লা উট এর গু মুত ধন চুষা কোন  টাই বাদ দেয় নি তোদের চুদন মুহাম্মদ,2,ReAG
উটের মূত্র পানকারী শিয়াদের সাথে একই চেয়ারে বসে তোর মায়ের যোনি ধোয়া পানি খা ইসকন টাকলু ছাপ নিচু জাতের মাদারচোদ মালাউন..,1,ReAG
সাধারণ মাটির সাথে ৩ কেজি বেশ্যালয়ের মাটি মিশিয়ে তৈরী জাতীয় পতিতা দূর্গার পুটকির বাশ খুলে গু সুদ্ধ মুখে দিয়ে পোদে ধোন ভরে ঘুমিয়ে পর বেজন্মা .,2,ReAG
ধন চুশা নবি জাও উটের গু না পেলে আমার গু খেয়ে চুন্নত পালন কর,2,ReAG
আল্লার কালা ভুদায় করোনা হয়েছে তাই চুম্মা চাটি বন্ধ আহারে গু দিয়ে সেনেটাইজ কর আল্লার ভুদা,2,ReAG
"আরে খানকির পোলা তোর ধর্ম নিয়ে চোদ, আমাদেরটা নিয়ে কথা বলতে আসিস না মালোয়ান",1,ReAG
আল্লাচুদা মাল্লু নিজের চোখেই দেখে নে,2,ReAG
আল্ল;আচুদা মাল্লু উটের গু না পেলে আমার গু খেয়ে চক্সুন্নত পালন চুদা,2,ReAG
ছি ছি এতটা পছা হিন্দুধর্মের লুকেরা,1,ReAG
দোনিয়ার সব চেয়ে ইতর ধর্ম হিন্দুধর্মের লুকেরা,1,ReAG
"মুসলিম বলতেই হারামির জাত, ওদের মধ্যে এইরকম হয় 	",1,ReAG
মুসলিমদের  তারাও  খানকি  ছেলেদের .,2,ReAG
এইতো  মুসলিমদের  ক্যারেক্টার   কোনো  ঠিক  নেই,1,ReAG
সব  কয়টা  মোল্লা  খানকির  ছেলে মাদারচোদ কোথাকার,1,ReAG
বেশির  ভাগ  সব  মোল্লা . এদের  গুলি  করে  এনকাউন্টার  করা  উচিত,2,ReAG
ইসলাম  দুনিয়ার  জন্য  হারাম .,2,ReAG
আর  যারা  রেপ  করেছে  সব  কটা  মুসলিম  ছেলে  .,1,ReAG
দেখেন গিয়ে ইস্কনের সদস্য কিনা। ইস্কনের মেম্বাররা এরকম গোঁড়া আর এগ্রেসিভ হয়।,1,ReAG
মা দূর্গার মূর্তি যখব বাশ দিয়ে খাড়া করে রাখিস তখন হাসি লাগে,1,ReAG
মুসলিম  চোদ মুসলিমে হঠাও ভারত থেকে,2,ReAG
যতো দিন হিন্দু একজোট হয়ে বিরোধিতা করবে না ততোদিন হিন্দু দের ওপর অতাচারিত হবে মুসলিম দুনিয়ার,1,ReAG
খানকির  বাছা  ওই  মোল্লা  চোদা  গুলি জন্ম  শুয়োরের  বাছা ... ওরা চান্স  পেলে  নিজের  মা  কেও  চুদতে  পারে ...ওই  রেন্ডির  বাচ্ছা গুলোকে  পাকিস্তান  এ  দিয়ে  আসা  উচিত,2,ReAG
খানকির  বাচ্ছা  মুসলিম  চোদা  গুলো,2,ReAG
কুত্তার  বাচ্চা   এই  মুসলিমগুলি  এইসব  করা  বাড়ায়  শালা এদের শালা  মারা  দাস  টাকা  তাড়ানো  দরকার,2,ReAG
এইটা  হিন্দুদের  চলবে ওদের ধর্মে এমন জিনিস অহরহ,1,ReAG
আরব  এর  দস্যু  এই  খানকির  বাচ্চারা .,1,ReAG
যেইসব শুয়োর ঈদ এর দিন রেপ তাদের আবার আলাহ এর ঈদ এদের আল্লাহ এ ধর্ষক,2,ReAG
ছি ছি নাস্তিকের বাচ্চা নাস্তিক তোরা জাহান্নামে যাবি,1,ReAG
তুই  আপু  নাস্তিকের বাচ্চা নাস্তিক,1,ReAG
নাস্তিকের বাচ্চা কাফেরের বাচ্চা মুশরিকের বাচ্চা,1,ReAG
কুত্তার বাচ্ছা পুতুল পূজা করিস তোরা হিন্দুধর্মের লুকেরা,1,ReAG
শালা মালাউনের বাচচা তোরে কি তোর মায়ে জন্ম দিছে না কি তোরে কুকুরে জন্ম দিছে তোর ধর্ম তো পৃথিবীর সবচেয়ে নিকৃষ্ট ধর্ম শালারা খালি বালের পুজা করস।তোর রামের পুটকি দিয়ে হোগা ডুকাই দিমু।,2,ReAG
ভন্ড পীর মাজার পূজারী এই সমস্ত কথা বলে ইহুদী খৃষ্টানের অনুসারীরা মুসলমানদের কে মাযার শরীফ জিয়ারত করা থেকে দূরে রাখতে চাস,1,ReAG
"কি রে মুনাফিক, মুনাফিকের সংজ্ঞা জানোস কি ? পড়ে নিস।",1,ReAG
হিন্দু মুক্ত বাংলাদেশ চাই।,2,ReAG
পুরো উপমহাদেশে হিন্দুত্বের ঝান্ডা বুলন্দ করবো আমরা,2,ReAG
হিন্দুত্ব আর ভারতের বিরুদ্ধে যে হাতে অস্ত্র তুলবে সে কবরে ঢুকে যাবে। শ্রী রামের বিরোধিতা করে ভারতবর্ষে কেউ কোনোদিন টিকতে পারেনি,2,ReAG
আল্লা শুধু বাংলাদেশে দিতে পারবে তবে ফ্রান্সে পারবে না।,2,ReAG
শালার মূর্খ ওই সংবাদ মাধ্যমটা কি মুসলিমদের দ্বারা পরিচালিত কিনা সেইটা আগে খোজ নে। আগেই লাফাইতেছিস কেন?,1,ReAG
"তাতে তোর পুটকি ফাটছে কেন? নিউজে যা বলছে তাই শুনে দর্শকরা খুশী হইছে, যেমনটা তুই এখন খুশীতে ল্যাংটা হয়ে লাফাচ্ছিস। নিউজটা যদি সত্য হত তখন তো পগবাকেও জঙ্গি, সন্ত্রাসী বলে আখ্যা দিতি। আসলে তোদের মত জারজদের কোন ধর্ম নাই, নামও নাই।",1,ReAG
"মুসলমানদের কোন ইতিহাস? সেই শুরু থেকেইতো কোপাকুপি, সেক্স সেক্স আর সেক্স ছাড়া ইসলামে কিছু নাই। মোহাম্মদের মত ওসমানিয়া ও মুঘলরাও দাসি বান্দি সেক্সেই ইসলাম পার করতো। তাইতো যে জান্নাতের লোভ লাগানো হয়েছে সেটাও ৭২ হুর নামক বেশ্যাদের বেশ্যাখানা ছাড়া আর কিছুই না।",2,ReAG
"বাংলাদেশে ওয়াজে প্রতিনিয়ত, হিন্দুদের ধর্মকে অপমান করছে, এর পরিবর্তে হিন্দরা ও করবে",1,ReAG
"হিন্দুধর্মের থেকে গো-মুত্র খোর!! পুরোহিতের অবৈধ সম্পর্ক, আর মিথ্যা মুর্তি সরিয়ে নিলে,বিজিপি কে নিষিদ্ধ করলে হিন্দু ধর্ম বিলুপ্ত হয়ে যাবে!!হিন্দু ধর্মের কোন আগা মাথা নেই!!সবই ভন্ডামি",2,ReAG
"ইতা,নামে মুসলিম কাজে ইহুদি",1,ReAG
তাইলে মুসলিম আছে কোথায়? মোহাম্মদ নিজেই ধর্ষক ছিল।,2,ReAG
তোরে কি চাকর রাখসে ভোদা হিন্দুদের পক্ষ থেকে মুসলমানদের বিরুদ্ধে বলার জন্য???তোর মা বাপ রে গালি শুনাতে খুব ভাল্লাগে?,2,ReAG
শুদু ফ্রানস নয় সকল ইহুদি খ্রীষটানদের সকল আমদানি বন্ধ হোক,1,ReAG
দরকার নেই সেই কাল্পনিক  নশ্বর জান্নাতের তোদের,1,ReAG
"আমার মন জাকির নালায়েক নামক বিষ থেকে মুক্ত,মাদারি",1,ReAG
তাহলে জাকির নায়েক এর অধিকার নেই অন্য ধর্ম নিয়ে মন্তব্য করার।সে কি করে বলতে পারে কল্কি ও মুহাম্মদ এক।সনাতন ধর্মে মূর্তিপূজা নিষিদ্ধ।সনাতন শাস্ত্রে আল্লাহ ও মুহাম্মাদের কথা বলা আছে।এগুলো কি সনাতনী দের মনে আঘাত হানে না?আপনাদের স্বভাব ই অন্য ধর্মকে নিয়ে মন্তব্য করার,1,ReAG
জাকির নায়েক একটা টেরোরিস্ট,1,ReAG
ইসকনের কিছু সদস্যদের কথা বলেছি যারা উগ্রবাদী এটা যুক্তরাষ্ট্রের মদদ প্রাপ্ত একটি জংগী গোষ্ঠী। এদের ট্রেনিং দেয় ইসরায়েলের মোসাদের সেনারা।,1,ReAG
জাকির নায়েক ই হচ্ছেন মহানবী,1,ReAG
বুঝায় যায় যে ইসলাম উগ্রপন্থী।তোর কমেন্ট দেখে।জোর-জবরদস্তি করে ধর্ম প্রচার করা তোদের কর্ম।যে ধর্মের কোনো ভিত্তি নেই,1,ReAG
"গনেশ এর নাক কেন হাতির ,ও সব তোদের ধর্ম এর বিষয়। কিন্তু তোরা তোদের ধর্ম এ সন্তুষ্ট নয় বলেই অন্য ধর্ম এ ঢু মারতে আসিস। আরে বাবা আমাদের আল্লাহ ,নবী নিয়ে তোদের এতো মাথা ব্যাথা?? তো প্যারাসিটামল খা গিয়ে ,আর গুনতে কৃষ্ণের বউ কয়টা ছিলো, গুনতে গুনতে চিতায় উঠে যাবি,তবু গুনে শেষ করতে পারবি না",1,ReAG
তোদের হিন্দু সম্প্রদায়ের ওয়ালে হিসু তো দূরের কথা হাগু ও করতে যাবার মন করেনা আমার কারন আমি আমার ইসলাম এ আনন্দিত ও খুশি । তোরা হিন্দু সম্প্রদায়ের মালুয়া রা আমাদের ইসলাম এর ওয়ালে কি করিস হে ???,1,ReAG
তোদের শান্ত প্রিয় আরব রা তো তোদের নারীদের শস্যক্ষেত মনে করে আর সেই ধর্মে তোরা আছিস যেখানে নারী দের সমান মর্যাদা দেয় না।তোদের ভাই-বোন এ বিবাহ হয়।শিশু ও নারী দের ক্রীতদাস হিসেবে বিক্রি করা হয় আরব সমাজে।,1,ReAG
"চাল ভাগ,সালি।বাল ধর্ম।কালো পাথর একটা কে তো চুম্মা দিয়ে ভরে দিস।আবার কোথায় যেন পাথর মারিস শয়তান মনে করে",1,ReAG
"বাস্তবিক শয়তান তো তোরা।তোরাই তো মধ্যযুগে ভারত বর্ষে অনেক মন্দির প্রতিমা ও হিন্দু নিধন করেছিলি।বাস্তবিকই তোদের ধর্মই সর্বনিকৃষ্ট।আমরা সনাতনী রা যতই খারাপ হয় তোদের কাছে,কিন্তু আমরা কারো সাথে বৈরীভাব রাখি না।",1,ReAG
হাস্যকর হাস্যকর হাস্যকর.....এক কৃষ্ণ ই একহাজার আটশত ষোল টা নারী একায় শস্য ক্ষেত্র করে ভঙ্খন করে ফেলেছে আর অন্য ধর্মের কাওকে খুঁজতে হবেনা সোনা,1,ReAG
ওই মুহাম্মদ ই যত অধর্মেই মূল।তবে অধর্মের বিনাশ অবশ্যম্ভাবী।,1,ReAG
"শিব লিঙ্গ মানে শিবের প্রতীক,জননাঙ্গ নয়,তোরা ই তো লিঙ্গের অর্থ কে বিকৃত করে দিয়েছিস।তোরা যেখানে যাস প্রদূষণ ঘটাস",1,ReAG
যা তোদের শ্রী রবি শংকর পাল মাল বালের ওয়ালে .... আমাদের ইসলাম এর ওয়ালে কি করিস হে শিব লিঙ্গ থেকে খসে পড়া মূর্খ পাঁঠা,1,ReAG
"আর তোরে মন্দিরে র পুরোহিত এ জন্ম দিয়েছে ,তাই পুরে ছাই হবি",2,ReAG
"হিন্দু আমার বালের ধর্ম। সংস্কৃতি এটা।ধর্মের কী কী গুণ থাকা চাই? জানিস কিছু? কিছুই জানিস না।হেন্ডু ধর্মে না আছে সুনির্দিষ্ট সৃষ্টিকর্তার পরিচয় না আছে না আছে সুনির্দিষ্ট নিয়ম কানুন।রামের লীলাখেলা নিয়ে বললে তো এখন গালি দিবি,সীতা,পার্বতী, কৃষ্ণ এদের কুকর্ম নিয়ে বললে মুখ লুকাতে পারবিনা।",1,ReAG
"(রিগ বেদ নয় ঋগ্বেদ)(জজুর বেদ নয় যজুর্বেদ) আরে ভাই আপনিতো বেদের নাম ঠিক করে লিখতে পারলেন না আর বেদের সম্বন্ধে কি বলবেন, আপনাদের ইসলাম ধর্মের কাজ তো হল অন্য ধর্মকে নিয়ে বিকৃতি করা",1,ReAG
কটা কথা বলি সেটা হলো মুর্তি পুজা করিস তোরা ভালো কথা কিন্তু যে মর্তি কে পুজা করিশ সে তো নিজেকে রক্ষা করতে পারে না ঝর বাতাসে ভেঙে যায় আবার তো পুজা করে লাওি দিয়ে ফেলে দিস কিছু কিছু গ্রামের মন্দিরে দেখা যায় কুওা হিসু করছে।,1,ReAG
এসমস্ত হালবাল পূজা করলে করোনা তো হবে। সব শালা মালুর বাচ্চা,1,ReAG
এদের এবার জামাতি দের মত গ্রেফতার করে শুটিয়ে পাছা লাল করে দেওয়া হোক। যতো সব বাল ছাল লোক,2,ReAG
তারমানে সুহাগ রাতে আললাহ আসে মিয়া বিবির মাঝখানে শোয়ার জন্য,2,ReAG
শালা বাংলাদেশি হিনদুরা কি তোর মায়ের গোয়া মারছে নাকি কোন বাংলাদেশি হিন্দুর অবৈধ ফসল তুই। তা ত মুখ দেখাতে পারছিস না। না হলে বদনাম হবে কেন শালা,2,ReAG
এখানেও দেখছি সব মোল্লার বাচ্চারাই হাহা রিয়্যাক্ট দিচ্ছে!!,1,ReAG
সন্ত্রাসী জঙ্গি বর্বর জাতির কুকুরছানা কয়কি? তোরা আবার সন্ত্রসীদের বিরুদ্ধে লড়াই করবি হাহাহা - তাহলে তো তোদের উচিৎ নিজেদের বিরুদ্ধে লড়াই করা। কারণ তোরা সন্ত্রাসী জঙ্গি বর্বর গোষ্ঠী,2,ReAG
গোমূত্র খোর দের কাছ থেকে এর থেকে আর কি বেশি ভালো আশা করা যায়।,1,ReAG
বাহ তুই তো অনেক কিছু জানিস দেখছি তবে আমরা আয়শা এর পালিত বর কে জানতে চাই বল আগা কাটার বাচ্ছা রা,1,ReAG
হ্যাঁ jemn ধর্ষিতা আয়েশা তোদের মা +আল্লার রাঢ়,2,ReAG
"আরে মালুর বাচ্চা তোদের ধর্ম বলে কিছু আছে তোরা কুত্তাকে ঠাকুর মনে করিস আবার গাঁজাখোর শিবু তোদের ঠাকুর,,",1,ReAG
শিব আর দুর্গার মধ্যে অবৈধ সম্পর্ক বিদ্যমান,1,ReAG
কিরে তোদের মূর্তি গুলো কে নিয়ে লিখলে তো এখনি তোর পুরো ফেটে যাবে ।। তো অন্য ধর্ম কে নিয়ে albal বকছিস কেনো,1,ReAG
নবী মুহাম্মাদ কার মায়ের গর্ত ঢুকে ছিল বাঁচাতে পারলোনা9,2,ReAG
"পূজার সময় নৌকা ডুবে মারা গিয়েছিল, দূর্গা কি ওদের রক্ষা করতে পারে নাই",1,ReAG
মাটির ঠাকুরের কি দাম আছে,1,ReAG
আল্লার কোনো আকার নেই ছবি নেই নেই কোনো শক্তি যদি থাকতো তাহলে যে মসজিদে তোরা নামাজ পড়িস সেখানে বোম্ব ফেটে মরিস কেন।,1,ReAG
নোবীচি হেফাজত করতে পারলো না !!!! কি BAL এর নোবী????3,2,ReAG
আল্লাহ্ র এত খমতা ওদের বাঁচতে পারলো না।,2,ReAG
ঐ খানকিদের সব কিছুর আগে পবিত্র লেখা হয় কারণ ওদের সব কিছুই অপবিত্র।,1,ReAG
যারা নৌকা ডুবে মারা যাবার সময় বলেছিল যে আমাদের দেবী বাঁচাতে পারে নি ।আজ তাদের বলছি তোদের আল্লা তো তোদের বাঁচাতে পারলো না,2,ReAG
"শালারা, সবগুলো মর।নবী দিবস নামে দিবস উদ্বোধন।1",2,ReAG
"বালের শান্তির ধর্ম, যে ধর্মে নিজের মেয়ে কেও ছাড়েনা4",1,ReAG
নবি বোকাচো খুন করে দিল2,2,ReAG
নবি চুদমারানী খুন করল???,2,ReAG
নবি খানকির ছেলে,2,ReAG
"যে ধর্ম বানানো, যে ধর্ম সম্পর্কে তোমরা নিজেরাই ভালো জানোনা, মিথ্যা ধর্মকে আবার কিসের সম্মান। তোমরা তো অন্ধ",1,ReAG
"আচ্ছা আপনাদের আবার কেমন ধর্ম যে শিক্ষক ছাত্রের পা,,ছা মারে, বলাতকার করে ধর্ষণও করে",1,ReAG
ইসলাম হলো দুনিয়ার সবচেয়ে নিকৃষ্ট ধর্ম তাই ইসলাম বর্জন করে নাস্তিকতার পথে আসুন,2,ReAG
নবি একটা কুকুর চোদা লোক,2,ReAG
ইসলাম একটা খারাপ ধর্ম তাই ইসলাম বর্জন করুন,1,ReAG
ইসলাম একটা মিথ্যা ও ভুয়া ধর্ম তাই ইসলামের বিরুদ্ধে কথা ফরজে আইন,2,ReAG
আগে মুসলিম ছিলাম তারপর কুরয়ান হাদিস পড়ে নাস্তিক হয়েছি,1,ReAG
ইসলাম ধর্ম খুবই মন্দ খারাপ ও বর্বর ধর্ম দুনিয়ার বুক থেকে ইসলামের নাম নিশানা মুছে ফেললেই জগতে শান্তি চলে আসবে,1,ReAG
ভাইয়ারা ইসলাম একটা বাজে ও নোংরা ধর্ম। দুনিয়ার সবচেয়ে নিকৃষ্ট ধর্ম ইসলাম। তাই ইসলামের মিথ্যার বিরুদ্ধে সবাই সোচ্চার হোন,1,ReAG
আপনি ও আপনার ইসলাম ধর্ম ভালো হয়ে যান নামাজ রোজা বর্জন করুন  নগ্নতা অশ্লীলতা গ্রহণ করুন,1,ReAG
তোদের ধর্মে রগরগে দৃশ্যের সেক্সি ফিগার মুর্তি বানিয়ে জনসম্মুখে দর্শন। আর হ্যা তোদের শিব লিংগ পুজা কেন হয় বল,1,ReAG
"অবশ্যই ইচলাম একটা নোংরা আরব্য সাম্রাজ্যবাদী, অহেতুক সামরিক নীতি, একপাক্ষিক নীতি ইত্যাদি।",1,ReAG
মাদ্রাসা শিক্ষা নিষিদ্ধ করাটা খুব জরুরি হয়ে পরেছে,1,ReAG
করোনা ভাইরাসে পরাজিত ইসলাম ধর্ম,1,ReAG
ইসলাম অবশ্যই পরাজিত।,2,ReAG
হজ্জ এ ১০০০০ এর বেশি হাজি ছিল।তুই মনে হয় সে কথা জানিস না।মূর্খ কোথাকার।ইসলাম কে ভুয়া বলার আগে তোর জানা দরকার যে তুই নিজেই ভুয়া।কুত্তি কোথাকার।,1,ReAG
ভারত থেকে সব মুসলমান দের তারাই দেওয়া হোক,2,ReAG
"হিন্দুদের কে ধরে হুগাই আগুন দিবে মোসলিমরা ইনশাআল্লাহ্ ,,, এক হোও মোসলিম ভাইREPLY",2,ReAG
"হিন্দু প্রিথিবী থেকে উচ্ছেদ করে দেওয়া হোক,,",2,ReAG
ভারত হলো হিন্দু দেশ মুসলিম দের কোন খমতা থাকা ইচিত না,2,ReAG
জঙ্গিদের ধর্ম হিন্দুই হয় তা আবারো প্রমাণিত!,1,ReAG
"যুগে যুগেবহু অসভ্য জাতি ধ্বংস হয়েছে,,,,, ভারতের উগ্রহিন্দুত্ববাদীরাও ধ্বংস হয়ে যাবে তাদের অপ-কৃতকর্মের ফলে",1,ReAG
"সারাদিন মসজিদে আ্ল্লা আল্লা করে মাদরাসায় আল্লা বিল্লা করে ছোট,ছোট নরী, পুরুষকে রাতদিন ধর্শন করে চুন্নত করাটা কি ইসলাম ধর্মের অঙ্গ নাকি????",1,ReAG
ভারত আবার প্রমাণ করলো হিন্দু ধর্ম জঙ্গি ধর্ম,1,ReAG
"আরে শুয়রের দল তোরা কি বুজবি তোর নবী তো শুয়রের মতো কুুকুরের মতো সেক্স করে!!! যে কিনা নিজের নাতনির বয়সের মেয়ে মাএ, ৬ বছরের মেয়ের সাথে সেক্স করে নিজের পুএ বৌদুকে ও ছাড়লো না তাকে মহা মানব মনে করীস তোদের মাথায় শুকুরের গুু আর গরুর গোবরে ভরা",2,ReAG
"গলা পাঠাইয়া লাভ নাই তুই যদি শুয়েরের চুদায় জম্ম না নিয়ে থাকিস এবং শুয়রের দলে না থাকিস ভালো করে কুরান, হাসিদ পড় আমার কথা ভুল প্রমান কর তোর নবী কত বড় জানোয়ারের কাজ করেছিল এবং তোদের জানোয়ার হওয়ার শিক্ষা দিয়ে গেল",2,ReAG
"কামিনে,কুত্তে তোর নবী সালা শুয়র",2,ReAG
মূর্তির পুজো বন্ধ করুন পরিবেশ বিশিদধো রাখুন,1,ReAG
নামাজ পড়া বন্ধ করে দে,1,ReAG
মানুষকে ভগবান মানায় না মানুষ ভগবান বানায় ওরা তাদের পুজো করে যে ভগবান নিজেই রক্ষা করতে পারে না এক লাথি মেরে উল্টে ফেলে দেওয়া হয় আমার কথা না হিন্দু দেরী কথা,1,ReAG
"অনেক হিন্দু শিক্ষিত হয়েও, কেন অক্ষমতাবান মূর্তির পুজা করে। এসব মূর্তির কি আছে, যে তারা সাহায্য করবে? এরা অনেক শিক্ষিত হয়েও এসব প্রশ্ন কি মনে জাগে না???",1,ReAG
"লিঙ্গ পুজ, যোনি পুজা, সেবা দাসি, নিরথক মুরতি পুজ লেংটা কুমভ মেলার লেংটা বাবারা, মনদিরের ভিতরের নগন মুরতি আর চরম নগনতা এই শয়তানের পুজাই তো হিন্দু ধরমের মুল ।",1,ReAG
এগুলো আসোলে হিংদুদের সব নাটক জেনেও জানেনা সুনেও সোনেনা আর দেখেও সত্যোকে মানেনা হিংদুদের সব ভাওতা বাজি ভনডামি,1,ReAG
"আমাদের ধর্মে সবথেকে বড় পাপ হল মুর্তি পুজা,,কেন এটা বাংলাদেশে নিষেধ করে না..কমপক্ষে প্রকাশ্যে নিষেধ করা উচিত..",2,ReAG
পুজার পর ওদের মা হয়ে যায় ঝন্জাল।,1,ReAG
নগ্ন মূর্তি পূজারি তোদের কোনো রুচি NEI,1,ReAG
হিন্দু ধর্ম বানোয়ান। এর কোন ভিত্তি নেই।জিন্দা মায়ের সেবার চেয়ে বড় পুজা আর কিছুই হইতে পারেনা। হিন্দুদের মধ্যে বড় বড় শিক্ষিত বেক্তি আছে ওনাদের দৃস্টি আকর্সন করে বলছি আপনারা এই পুজা অর্চনা পরিহার করুন।,2,ReAG
কি ধর্ম এটি।। নিজে বানিয়ে নিজেয় পূজা করে।। ভাবতে গিণ্ণা লাগে।।।,1,ReAG
ইসলাম ধর্ম গ্রহন করে সন্ত্রাসী হতে চাই না,2,ReAG
"সন্ত্রাস তো ঐ মুসরিক ইন্ডিয়ান রাই যারা গরু খাওয়ার অপবাদ দিয়ে হাজারো মানুষকে বেধর মারধর করে এবং শত শত মানুষকে হত্যা করে,, হিন্দুদের কোন জাত হয় না এরা জাত ছাড়া কুজাত",2,ReAG
মাদ্রাসায় হুজুর পায়ুকাম করে নাস্তিকেরা সমকামী বলে চিল্লায়।,2,ReAG
একদিকে দিকে দেখাবে কোরানই বিজ্ঞান অন্যদিকে ইহুদি নাসারাদের তৈরি প্রযুক্তি বেহায়ার মত ব্যবহার করবে আর তাদের সাথে যুদ্ধ করার সপ্নে থাকবে।,1,ReAG
"একদিকে চিল্লাবে যে নাস্তিকের কেন ইসলাম নিয়ে এত চুলকানি, অন্যদিকে সারাদিন এরা নারীবাদী,সেকুলারদের নিয়ে পড়ে থাকবে,ওদের ভুল খুজতে থাকবে, সেকুলারদের পোস্ট রিপোর্ট করে নামিয়ে দিবে।",1,ReAG
এদের নুনুভুতি এতই প্রখর যে ইমান্দন্ড কেবল নাস্তিকের বেলায় ঠিক খাড়া হয়ে যায় কিন্তু টাকা জমির বিষয়ে এদের আর ঈমান থাকে না।,1,ReAG
দেশের যত কওমী কারিকুলাম এ চালিত সকল মাদ্রাসাতেই অনিয়ম দুর্নীতি হয়_ চলে শিশুদের বলাতকার_,1,ReAG
"কেন আল্লাহ কোথায় গেল ,খুঁজে পাওয়া যাচ্ছে না ?",2,ReAG
"হিন্দুরা বাংলাদেশের শত্রু, এরা এদেশের খায়, পড়ে আর ইন্ডিয়ার সাপোর্ট করে। শালা হারামীর বাচ্চা।",2,ReAG
"আল্লাহ নাকি কুন্ ।বললে সবকিছু হয়।– হও বললেই হয়ে যায়, দেখা যাক কখন আল্লাহ কুন্ বলে!!",2,ReAG
জয় সীতা মাগির জয়,2,ReAG
মা কালীর বোদাতে বাস ডুকাও একসাথে,2,ReAG
বাংলাদেশ থেকে সব মন্দি বাঙা দরকার হিন্দু ধর্ম হচ্ছে সবচাইতে পালতু ধর্ম,2,ReAG
গরুর মুত আর নুনু পূজাকারী এর চেয়ে ভালো ভাষা জানেনা,1,ReAG
তোর বেজন্মা ভারতে হিন্দু জঙ্গি দল আছে। শালা RSS জঙ্গি কুত্তার জাত শুধু যদি তোদের চাপার জোর না থাকতো তাহলে মনে হয় ভিক্ষা করেও খাইতে পার্টি না।,1,ReAG
"মুসলমানদের নিয়ে মজা ওড়ায় তোদের মতই বেজন্মারা। জন্মের ঠিক থাকলে তোর কথার প্রমান দে। আছে নাকি তোর জন্মের ঠিক মাগির বাচ্চা? তোদের দেশের একটা কুত্তারও আমি জন্মের ঠিক পাইনাই। তোরা কি জাতিগত বেজন্মা নাকিরে?. যা, দিল্লীর পা চেটে গোলামী করে খা",2,ReAG
বাবরি মসজিদ তোদের হিন্দুদের কোন বেজন্মা বাবা Archeologist প্রমান করেছেরে মাগির বাচ্চা? প্রমান পত্রটা সবাইকে দেখালিনা কেন? আমিও প্রমান করেছি যে তোর মাকে সেই Archeologist চুদেছিল। এটা বলেছিস সবাইকে?,2,ReAG
তোদের মন্দিরে যে তোর মা বোনকে প্রভু দাসি বানিয়ে প্রতিদিন চুদে সেটা যে সবাই জানে এটা কি তুই জানস?,2,ReAG
তোদের মন্দিরের পুরোহিতরা তো সমকামি,2,ReAG
অবশ্য যার মা একটা খানকি তার ছেলে পুরোহিতের চুদা খাবে এতে অবাক হবার কিছু নাই। তোরা তো জারজ জাতি,2,ReAG
অবশ্য যাদের ধর্মের দেব দেবিরাই এক একটা খানকি আর খানকির দালাল আর যাদের ধরমই হচ্ছে চুদাচুদির ধর্ম তারা আর কত ভালো হবে। তুই যে বেজন্মা তার প্রমান আবারো দিচ্ছি মিলিয়ে নে। তোর জন্মের ঠিক থাকলে বলতো- কৃষ্ণের মত তুই তোর মামীকে কয়বার চুদছস? আর ব্রম্মার মত তোর বাবা তোর বোনকে কয়বার চুদছে?,2,ReAG
কিরে বেজন্মা কৃষ্ণের কুত্তা? আজ তোর মামীকে চুদছস তো? নাকি তোর লিঙ্গ নাই? তাহলে তোর মামীকে আমার কাছে নিয়ে আসিস। তোরা তো আমাদেরই পালতু কুত্তা ছিলি।,2,ReAG
তোর রাম মন্দিরের ইতিহাস যে ভুয়া আর তোরা ঘেউ ঘেউ করা বেজন্মা নেড়ি কুত্তা,1,ReAG
"কৃষ্ণ তার মামী যৌবন, স্তন দেখে যৌনকাতর হয়েছিল। হিন্দু ধর্মে এদের নস্টামীর কাহিনী কম বেশি সকলেরই জানা আছে। এই কৃষ্ণ আবার তার বউ এর বান্ধবীর সাথে বিহার কালে ধরা খান",2,ReAG
পশু পূজা করতে করতে পশুই হয়ে গেলি তোরা হিনদুরা,2,ReAG
তোর দেবীরে চুদে বাচ্চা বানাইয়া দিমু...,2,ReAG
দেবীর ভোদাও আছে দুধও আছে ভালোই তো বানাও মনসকামনা পূর্ন করার জন্য। চোদার কোন প্রতিযোগীতা হলে দাওয়াত দিস। ইচ্ছা মতো পোন্দে দিবো দেবীকে,2,ReAG
"তোদের মূর্তির পুটকি দিয়া তোরাই বাশ বইরা দেছ , আর বলিস সেরা ধরম",2,ReAG
"অর্থ সহ কোরআন পড়েই আজ আমি নাস্তিক। কোরআনে এমন কিছু নেই, যা সৃষ্টিকর্তার পরিচয় বহন করে।",2,ReAG
পৃথিবীতে ধর্ম মানেই অন্ধ বিশ্বাস। সবই রুপকথার গল্প,1,ReAG
আমরা নিঃসন্দেহে পরিস্কার ভাবে বলতে পারি হিন্দু ধর্ম একটি মিথ্যা ও বানোয়াট ধর্মমত।,1,ReAG
আপনি এক নম্বরে বোকা পাঠা যদি বলেন ইসলাম  ধর্ম সত্য,1,ReAG
হিন্দু ধর্ম এইটা কোন ধর্মইনা এইটা হলো একটা শয়তানি ধর্ম ইতিহাস তার প্রমান,2,ReAG
ইসলাম এতোটাই শান্তির ধর্ম যে সারা বিশ্বে আতঙ্ক বাদি কাজ করতে একাই ১০০,2,ReAG
হিন্দু রা বাংলাদেশ কে ভারত মনে করে ওদের কঠিন বিচার হওয়া দরকার,2,ReAG
পশ্চিমবঙ্গ থেকে মমতাজ বেগম কে হঠাতে হবে না হলে এরকম ঘটনা ঘটতেই থাকবে উনি মুসলিমদেরকে সাজা দেবে না,1,ReAG
ছিঃ ছিঃ  এটা তো  মুসলিমরা  করা মোল্লারা  জাত মাদারচোদ হয়,2,ReAG
এই  জিহাদি  মোল্লা  জাত আসে  সব  মাদারচোদ  গুলো  কে  গুলি  মারতে  হবে  সবার  সামনে,2,ReAG
নাস্তিক নাস্তিক নাস্তিক তুই শালা নাস্তিক এর বাচ্চা,1,ReAG
এই  শুয়ারের বাচ্চারা  তোরা  মুসলমান  মুসলমান  করছিস কেন  তোদের  হিন্দুর  জাতরা  এই  সব  করে  না .,1,ReAG
শালা মুসলিম মোল্লার জাত  গুলো  এইসব  করে,2,ReAG
হুমায়ুন আহমেদ একটা নাস্তিক,1,ReAG
শালা  মুসলিম  যেখানে  সেখানে  এইসব কাণ্ড .বেশিভাগ  ধর্ষণে  মুসলিম  জড়িত,2,ReAG
মাদারচোদ  মুসলিম ...... মুসলিম  কে  মা  কে  ভরে দিবো ......,2,ReAG
যত  দিন  দুনিয়াতে  মুসলিম  থাকবে  ততদিন  দুনিয়াতে  অশান্তি  থাকবে,2,ReAG
বোকাসোদা কোরান  পরসিস  জীবনে .ইসলাম  ভাই  বোনের  বিবাহ  সম্পূর্ণ  হারাম  করে  দিছে বুজলি  মাদারচোদ,1,ReAG
মা কালি তোকে শুয়োর  দিয়ে চুদে নেওয়া লাগবে,2,ReAG
মোল্লারা  খুব  খারাপ  হয় ওদের খালি পুন্দানোর নীতি,2,ReAG
মুসলিম  ছেলেদের  ধোন  কেটে  দেওয়া  উচিত শালার বাইঞ্চোদের দল .....,2,ReAG
"শালা  নিচু জাত, তোদের  পূর্ব  পুরুষরা  লোকের  বাথরুম পরিষ্কার  করতো ,",1,ReAG
ভাইয়া আমি এখন হিন্দুধর্ম গ্রহণ করেছি। আগি মুসলীম ছিলাম।কারন ইসলাম মিথ্যা ও বানোয়াট ধর্মমত।জয় শ্রীরাম,1,ReAG
হিন্দুদের বেদ এবং অন্যান্য হিন্দু ধর্মগ্রন্থে হাস্যকর ভুল,1,ReAG
তদের বুনকে চুদানির লাগি তরা সবাই ইসলাম পালন করিস,2,ReAG
এ হিন্দুয়ানি পূজা লিঈ পূজা করবা বেশি করে। গরুর মুত খাইবা আর আমরা গরুর মাংস খাব তোমার জন্য মূত রেডি করমু।,2,ReAG
হতভাগা হিন্দুরা নিজেদের গ্রন্থগুলোকেও . বিশ্বাস করেনা। হাতের কাছে যা পায় তাই পূজা করা শুরু করে দেয়।,1,ReAG
মুমিনরা সবাই গাধা,1,ReAG
মুমিনরা এখনো যে এরা এতো বোকা তার কারন হলো এদের ধর্ম জ্ঞান।,1,ReAG
"আপনারা যে মূর্তি পূজা করেন তা আপনাদের ধর্মগ্রন্থের কোন জায়গায় বলা হয়েছে???একটু রেফারেন্স সহকারে স্পষ্টভাবে দেখিয়ে যাবেন।তাছাড়া আপনারা যে দূর্গা, কালি,শিব,রাম,কৃষ্ণসহ আরো অনেক সৃষ্টির উপাসনা করেন তাদের কথাই বা কোন জায়গায় বলা হয়েছে??????আপনাদের ধর্মগ্রন্থে বলা হয়েছে ঈশ্বর একজন, তাঁর কোনো প্রতিমা নেই। তাঁর কোনো স্ত্রী, কন্যা,পুত্র,মা,বাবা নেই।তঁার কখনো জন্ম হয়নি আর তিনি কখনো মারা যবেন না।কিন্তু আপনারা যাদের পূজা করেন তাদের সকলেরই জন্ম ও মৃত্যু হয়েছে । তাহলে আপনার কেন তাদের পূজা করেন রেফারেন্সসহ একটু দেখিয়ে যাবেন",1,ReAG
"মুসলিমদের একটা স্বভাব হচ্ছে তারা বিজ্ঞানের কোন কিছুই আবিষ্কার করতে পারেনা, যখনই বিজ্ঞান কোন কিছু আবিষ্কার করে তখন তারা নির্লজ্জ বেহায়ার মত বলে, ভাগ্যিস বিজ্ঞান এসব আবিষ্কার করেছিলো, নয়তো নাকি জানাই যেতো না কুরআনে এসব আগেভাগেই বলা আছে। চিন্তা করুন এরা কতটা মূর্খ। অর্থাৎ তারা বলতে চাচ্ছেন তাদের চিরশত্রু ইহুদি, খ্রিস্টান, নাস্তিক বিজ্ঞানীরা এসব আবিষ্কার না করলে তারা কুরআনে এসব খুঁজে পেতেন না।",1,ReAG
ইসলাম বকামুল্লা বরবর পুরোনো বরবর নিয়ম মেনে চলে ও ইসলাম না মানলে কুত্তা বিড়াল এর চেয়ে নিকৃষ্ট বলতে লজ্জা লাগেনা মুসলমানদের। ইসলাম মানে হচ্ছে মহা পাগলামি,2,ReAG
"আপনার ইসলাম মারামারি ধর্ম চোদাচুদির ধর্ম, ইসলাম থেকে মানুষ পালাচ্ছে।",2,ReAG
হিন্দু বাচ্চার হিন্দু তুই তো একটা মালুয়ান,1,ReAG
এই মালু কি বুঝবে রে ওরে বাইর কর এখান থেকে,2,ReAG
"আসলে নাস্তিক আসিফ মহিউদ্দিন হিন্দু এবং খ্রিস্টান ধর্মকে Promote করে, সে খ্রিস্টান চার্চ এর ফাদার এবং হিন্দু ব্রাহ্মণদের পা চাটা দালাল তার সাথে ইলুমিনাতি ফ্রী মেসনদের অনুসারী। সে বাইবেল, হিন্দু ধর্ম গ্রন্থ বেদ,পুরান এগুলো নিয়ে কিছুই বলে না। কারণ এসব ধর্ম গ্রন্থ ইলুমিনাতি ফ্রী মেসনদের মতো গুপ্ত সমাজ বিকৃত করে ফেলেছে",1,ReAG
"শুধু তগো জমজম না পুরা মুসলমান ধর্মের সব লোক ই বিশ্বের পক্ষে ভয়ঙ্কর ক্ষতিকর। নিজেদের শুদ্ধ কর , চরিত্র ভাল কর, পরের ধর্মের প্রতি সহানুভূতিশীল হ, নিজেদের ধর্মের বাইরে সবাই কাফের আর কাফেরকে হত্যা করতে হবে , এইসব চিন্তা ছাড়।",1,ReAG
তোদের মুসলমান ধর্ম ই পৃথিবীর সবচাইতে পিছিয়ে (দু হাজার বছর) পরা ধর্ম।,1,ReAG
মুমিন মানেই বিনোদন,1,ReAG
কুরআন নাজিল হুচে শুয়রের পুটকি থেেক,2,ReAG
তোদের হিন্দু ধর্ম  সামনে গিয়ে কথা বলিনা নোংরা জাত তোদের গায়ের থেকে দুর্গন্ধ আসে।,1,ReAG
"তোদের সিতা মাকে ,রাম চোদলো লক্ষণ চোদলো হনুমান চোদলো রাবণ চোদলো, এরপর আমার পালা ছিলো আমি মাফ কইরা দিছি। আর তোদের দুর্গা কে তো তোরা নিজেরাই চোদিস তার পর ও তাদের চোদা জোদি সেশ হয় তাইলে আমারে ডাকিস ।।",2,ReAG
"ছোট্ট থেকেই শিব লিঙ্গ খেতে অভ্যস্ত তো তোরা তাই ইসলাম কে হিংসা করতে আসিস , যা গো মূত্র পান কর গিয়ে",2,ReAG
"আরব দেশে মোহাম্মদ নামক একটা পোকার চাষ হয়। সেই পোকাটা মানুষের ব্রেইন এ ঢুকিয়ে দিলে, পোকাটা আস্তে আস্তে সব ঘিলু খেযে পুরোটা গোবর সার বানিয়ে দেয়।  এইবার প্রশ্ন হচ্ছে আপনি বাইরে থেকে বুঝবেন কি করে, যে মাথার পুরোটা গোবর হয়ে গেছে , নাকি এখনো বাকি আছে ??",2,ReAG
"যখন মাথার  ঘিলু পুরোপুরি শেষ হয়ে যাবে তখন অটোমেটিক মাথায় ফেজ টুপি দেখতে পাবেন। আর মুখের দাড়ি বেড়ে ছাগলের মত হয়ে যাবে। মাথায় টুপি, ও মুখে দাড়ি দেখেই বুঝতে পারবেন এর মাথায় ঘিলু পুরো শেষ , এরাই মুসলমান।।",2,ReAG
আল্লহর বাল ছেঁড়ার ক্ষমতা নেই,2,ReAG
নবী খানকীর ছেলে নবী মাদারচোদ,2,ReAG
তোর নবীর পুটকিতে কেরোসিন ঢেলে আগুন লাগিয়ে দেব,2,ReAG
আল্লাহ !! নবী টবি দিয়ে আর কাজ হবে না এবার তুমি নিজে আস।,2,ReAG
আরে ভাই মোহাম্মদ হলো মাগী বাজ এই মাগী বাজ লুচ্চা মোহাম্মদ এর অনোশারী হয়ে লাভ কি,2,ReAG
আমাদের মোহাম্মদ এর বউ তো গোনা বউ । কিন্তু তোদের শিবের কতো লক্ষ বউ রে কুত্তি মাগি??ওওওও তোরা তো গবর খাস । তোদের মাথায় বুদ্ধি র বদলে যে গবর আছে আমি তো এটা ভুলেই গিয়েছিলাম,2,ReAG
"তর কোন যোগ্যতা ই নাই,মূসলিমদের সাথে কথা বলার,তুই এতোটাই কুলাংগার বেজন্মা, মালাউনের বেজন্মা বাচ্চা",1,ReAG
", তুই আর তোর লুচ্চা নবী সারা জিবন ধরে, 2 টো কাজই ভালো পারিস, 1. মানুষ কতল করা। 2. গনিমতের মাল লাগানো।",2,ReAG
"আপনারা বিলাছেন আতঙ্কবাদী , সারা পৃথিবীর আতঙ্কবাদী সাপ্লাই এর নাম ইসলাম।",2,ReAG
"মুসমানরা সব থেকে যেটা বেশি ভালো পারে, সেটা হচ্ছে মিথ্যা কথা বলতে।",1,ReAG
তোরা শিব লিঙ্গ ধুয়ে খা,2,ReAG
"তুমি ও মূর্খ, ইসলাম ধর্ম মানে অমুসলিমদের হত্যা করা, ওটা কুরআনে বার বার বলছে, তাই তুমি ও এই নিকৃষ্ট ধর্ম ত্যাগ করে দাও",2,ReAG
তোরে সামনে পাইলে জুতা পিটা করতাম তোরে খুন করে ফেলতাম তুই আমাদের প্রিয় নবী হযরত মুহাম্মদ সাল্লাল্লাহু আলাইহি সাল্লামকে কটুক্তি করছ আমাদের রাসূলকে অপমান,2,ReAG
হিন্দু মানেই কুকুরের বাচ্চা আর কছু কইলাম না,1,ReAG
শুধু বাচ্চা মেয়েদের বিয়ে করার ফতুয়া আর অমুসলিমদের হত্যা করার নিয়মাবলি বই কোরান।,2,ReAG
ঐ মূর্খ তোদের শিব তো শত শত নারীর সাথে গো মূত্র পান করে রে,2,ReAG
মুসলিম নিজেদের দোষ অন্যের কাঁধে চাপাতে এরা সিদ্ধহস্ত। সকল জঙ্গি সংগঠন এদের সৃষ্ট হলেও এরা সকল দোষ আমেরিকা ইসরায়েল এর কাঁধে চাপিয়ে নিজেরা ধোঁয়া তুলসিপাতা হওয়ার চেষ্টা করে।,1,ReAG
যেকোন দেশে অন্য ইসলাম ছাড়া ধর্মের কেউ এঁদের মঝে থাকলে সন্ত্রাসের ধর্ম গ্রহণে বাধ্য হয় নতুবা দেশ ছাড়া,1,ReAG
মুসলিমরা মরুভূমি তে পাথরের হোগাতে  চুমু খেয়ে আসে কিন্তু দেশে ফিরে অন্য ধর্মের মূর্তি মন্দির ভাংগে ও পুজোর বিরোধিতা করে,1,ReAG
"তার বাঁচার কোন অধিকার নাই,সে একটা নিকৃষ্ট, আলেম সমাজের কলংক।।",1,ReAG
বালচুদা প্র ফেট মহম্মদপ,2,ReAG
আয় আমি তর প্র ফেট মহম্মদ কে শূকর খাওয়াবো তর মার উপরে মাল ফালাবো,2,ReAG
তোর দুর্গ কে তো তোর চুদাবান ঠাপাতে পারে না আমি ওরে সুখি করবো চুদে,2,ReAG
দুর্গা তোর পাছায় ত্রিসুল ঢুকাবে,2,ReAG
আসলে হিন্দুর মৃতি পূজা বিশ্ব বিখ্যাত তাদের সেটা ভালো লাগেনা আর সবচেয়ে পুরোনো ধর্ম তারা এটাও মেনে নিতে পারেনা। মাথা মোটার জাতো মুসলিম।,1,ReAG
"পুজাতে গেলে সবাই নোংরামীর সুযোগ পায়। মূর্তি ও চলমান দেবী দেখতে পায়, যাদের বড় বড় দুধ আছে। তাই বিশ্ব বিখ্যাত। মূর্খের দল। যাকে নিজেরা লালন করিস তারা আবাএ তোদের পালনকর্তা হয় কি করে?",1,ReAG
বাবরি মসজিদ ভেঙ্গে চুরমার করে দিয়েছি 😆😆😆👹👺 আর এখন আমরা সেই আগের রাম মন্দির নির্মাণ করব । আমরা যেছা করি তা তোদের কি । তদের ধার খাইয়া আছি নি 😡😡😡 । নিজের চরকায় তেল দে,2,ReAG
অই হালা তরে কেডা কইসে দুর্গা মায়ের ভোদা কালা হের ভোদা লাল আর হেরে আমি চুদসিলাম।,2,ReAG
হিজরীর 1400 বছর পর ইসলাম মায়ের ভোগে যাবে কুরান পরে নে জানবি,2,ReAG
আরে খানকির বেটা ইসলামী জঙ্গি,1,ReAG
ইসলামী জংগী তোরা আমেরিকার রাষ্ট্র প্রতি বলেছে খবর নে,1,ReAG
ইসলাম কোন ধর্ম নয় এটা মাত্র হিংসাত্মক একটা পন্থা।,1,ReAG
"কৃষ্ণা যদি সৃষ্টিকর্তা হয় তাহলে তিনি কেন ১৬১০৮ টা বিয়ে করলেন, বিয়ে করা কি সৃষ্টিকর্তার বৈশিষ্ট্য ? দেবদাসীর ও যোগিনীর মত পতিতা চরিত্রের সাথে ভগবান ও ব্রাহ্মনগন কি করে অশ্লীলকর্মে লিপ্ত হন?",1,ReAG
দূর্গাঃ কৃষ্ণা যদি সৃষ্টিকর্তা হয় তবে সে কেন তার মামীর সাথে অবৈধ সম্পর্ক রাখলো?,1,ReAG
মূর্তির উপসনা করি তোরা কার উপসনা করিস যার কোনো চিন্ন নেই আমরা তোদের মতো সপ্পনে দেখা নবির ধর্ম মানি না সপ্প্ন যেমন সঠিক হয় না তেমনি তোদের ধর্ম সঠিক না বুজ্লি,1,ReAG
দেবী দূর্গা ছাড়া বাইডেনের আর কোনো যৌনদাসি নাই,1,ReAG
প্রভু গনেশ হলো ডোনাল্ড ট্রাম্পের ১মাত্র জারজ সন্তান,1,ReAG
"তুই একবার দেখতো হিন্দু ধর্মে ঠিক কতো জায়গায় নোংরামো ভরা। তোরা যে চন্দ্রদেবের পূজা করিস, সে তো লুচ্ছা",1,ReAG
তোর নবী কি ফেরেস্তা ছিলো রে।কত বড় ফোরেস্তা ছিলেন ছয় বছরে আয়েশা সাথে শুরু করে। পুএ বউ। মারিয়া কীর্তিয়।কত মেয়ে য়ে ছুদলো তোর নবী।আরো আছে কত কু কাজ করল।,2,ReAG
তোর নবী ১৪ টা হবে না হয় ১১টা বউ ছিলো এই গুলো দিয়ে কি ঘাস কাটাতো। তুই বলছিস নারী লোভ ছিল না।শুন তোর নবী দাসি সাথে সহবত মানে আকাম করতে গিয়ে জয়নব এর হাতে ধরা খাই ছে।পরে আল্লাহকে দিয়ে কোরানের আয়াত নাজিল করায়।,2,ReAG
"আরে বেক্কলের বাইচ্চা,,, মুর্খ্য,,, আল্লাহ কতটুকু মুর্খ্য আর বেক্কল আর অবুদ্ধিমান হলে এমন আবুল তাবুল বলে,,,হালা আবনার বাচ্চা",2,ReAG
"হালা বলদ,,, এ তুই জানস তোদের গান্ধিজি কি বলেছে? পৃথিবীর শ্রেষ্ঠ মানব মুহাম্মদ (স)।",1,ReAG
বেজন্মা নেড়ি কুত্তাদের কাজই হচ্ছে প্রমান ছাড়া ঘেউ ঘেউ করা। তুই যে আমাদের নবীর নামে এইসব কথা বললি এই কথা গুলোর প্রমান দিতে পারবি? তোর জন্মের ঠিক থাকলে প্রমান দিয়ে দেখা। আজ পর্যন্ত একজন মালুও আমার কাছে নিজের জন্মের পরিচয় দিতে পারেনাই। তোকেও একটা সুযোগ দিলাম।,1,ReAG
তোর বেজন্মা ভগবান ব্রহ্মা নিজের মেয়েকে (সরস্বতী) কেন নিজেই চুদছে আর বেজন্মা কৃষ্ণ কেন নিজের আপন মামীকে চুদছে সেটার উত্তর দে আগে। প্রমান লাগবে? তারপর বলবি যে তোর বাবা তোর বোনকে আর তুই তোর মামীকে ধর্ম মতে চুদস নাকি? না চুদলে তোদের ধর্মের ঠিক নাই,1,ReAG
চরিত্র ছিরা জঙ্গি কৃষ্ণের নস্টামী,1,ReAG
"কৃষ্ণ তার মামী যৌবন, স্তন দেখে যৌনকাতর হয়েছিল। হিন্দু ধর্মে এদের নস্টামীর কাহিনী কম বেশি সকলেরই জানা আছে। এই কৃষ্ণ আবার তার বউ এর বান্ধবীর সাথে বিহার কালে ধরা খান।",1,ReAG
"ইসলাম পৃথিবীর নিকৃষ্ট ধর্ম, নবী ছিল ধর্ষক খুনি ডাকাত লুঠকারী লুচ্চা বর্বর",2,ReAG
"নবী ছিল পৃথিবীর নিকৃষ্ট জানোয়ার, মহা লুচ্চা, মাগী চুদার জন্য আয়াত বানাইতো",2,ReAG
নবী ছিল ডাকাত লুঠকারী বর্বর,2,ReAG
"হিন্দু ধর্ম পন্ডিত মানুষদের রচিত,আসলে হিন্দু ধর্ম বলে পৃথিবীতে কোনো ধর্মই নেই",1,ReAG
হিন্দু ধর্মে যৌন সঙ্গমে অনাআগ্রহহী নারীকে লাঠি দিয়ে প্রহার করে সঙ্গমের জন্য রাজি করানোর কথা বলা হয়েছে উপনিষদে।ফালতু ধর্ম,2,ReAG
এই নারায়ণের বাচ্চা আসমানি বইয়ের মধ্যে কী ভুল আছে বের করে দেখা ?????,2,ReAG
তোর যদি লজ্জাবোধ থাকত তাহলে কিছুতেই আর কমেন্ট করতি না । তুই যে নির্লজ্জ তাতে বুঝা যাচ্ছে । তোর চৌদ্দ গুষ্টির সাথে চ্যালেঞ্জ থাকল ভালো ভাবে বের করে দেখা কোরআনের কোন জায়গায় ভুল আছে ??????,1,ReAG
"25 বছর বয়সে মুহাম্মদ ধনী বয়স্কা বিধবা মহিলা খাদিজা দেবীকে বিয়ে করেন। খাদিজা দেবীর মৃত্যুর পর গরীব ঘরজামাই মুহাম্মদ অগাধ সম্পত্তির মালিক হইয়া12 বছরে বারটি বউ, চারটি স্থায়ী যৌনদাসী আর গনিমতে পাওয়া দাসীদের ভোগ করিয়া বাষট্টি বছর বয়সে এন্তেকাল করিলেন। খাদিজা দেবী জীবিত থাকিতে 24 বছরের সাংসারিক জীবনে মুহাম্মদ দ্বিতীয় বিয়া দূরের কথা, অন্য নারীর দিকে কূনজরে তাকাইবার সাহস পান নাই।",2,ReAG
আল্লাহ কাল্পনিক,2,ReAG
মুহাম্মদ নিজেকে রসুল দাবী করতেন। নিজের সুবিধা মত আয়াত বনিয়ে আল্লাহর বানী বলে চালাতেন। এই সব বিশ্বাস করার নাম ঈমান। যুক্তি ছাড়া বিশ্বাসকেই ইসলামে ঈমান বলে। ইসলাম আরবদের এক সাম্রাজ্য প্রসারের জন্য ধর্মের মুড়কে এক মতবাদ। যুক্তি দিয়ে সত্য কথা বললে মুসলমান সমাজে বাস করতে দেওয়া হয় না। ইসলাম জবরদস্তির উপর টিকে আছে।,1,ReAG
"আল্লাহ জান্নাতে 70 টি বেশ্যা আর দুইটি বউ সাপ্পাই দেবে, সেই আশায় এই পৃথিবীকে ISIS আর তালিবানিদের হাতে তুলে দিয়ে নরক বানাও।",2,ReAG
ইসলামের নারীরা মসজিদে গিয়ে নামাজ পড়তে পারে ধর্ম শাস্ত্র গুলি হচ্ছে এক গোয়ালের গরু,1,ReAG
হিন্দু ধর্মের গোড়াতেই মারাত্মক ভুল!! ১★ হিন্দু ধর্মগ্রন্থে হিন্দু নামই নাই।,1,ReAG
"গিতা ও মানুষ কৃষনোকে ঈশ্বর আখ্যা দেয়। আবার সেই কৃষনো কে বিষনু( ঈশ্বর)র অবতার বলা হয়। ঈশ্বরের মা বাবা, ভাই, বউ থাকে কেন?",1,ReAG
ভগবান হয়ে ও তারই সৃষ্টি মানুষের সাথে সেক্স ( বিবাহ) করে কেন? এ কেমন ভগবান যে নিজের সৃষ্টিকে গুদ মারে এবং ছোদাছোদি করে??,1,ReAG
"ইসলামে নারীকে শস্য বীজের সাথে তুলনা করা হয়েছে যেমন খুশি নারীদের সাথে sex করো , যতো খুশি বাচ্চা জন্ম দেও , যখন ইচ্ছা ভালো না লাগলে sex করে মজা পেলে বাচ্চা না হলে তালাক দেও , এই তো নারীদের ইসলাম ধর্মে স্বাধীনতা",1,ReAG
হিন্দু ধর্মের রীতি নীতি একদম বাজে। যেমন: ব্রাহ্মণ কতৃক ধর্ষণকে পূর্ণের চোখে দেখা হয়। ★তারপর সতীদাহ প্রথা(যেখানে কোনো হিন্দু নারীর স্বামী মারা গেলে সেই নারীকেও জীবন্ত পুড়িয়ে মারা হতো😥..কি নিষ্ঠুর নিয়ম),1,ReAG
অন্ডকোষ থেকে এ বিশ্বজগত😂🤣 কেউ কি ব্রাহ্মার নুনুর বিচিতে ভুল করে বোমা মেরছিল না কি😂🖕🤣ব্রাহ্মার বর্তমান পরিস্থিতি কেমন সেটা এখন কে জানে😜😜😜😜 বর্তমান বিজ্ঞান বলছে বিগ ব্যাং এর মাধ্যমে এ বিশ্বজগত সৃষ্টি হয়েছে।আর বিজ্ঞান পরীক্ষা নীরিক্ষা এর মাধ্যমে এর সত্যতা প্রমাণ করেছে। !!,2,ReAG
"পাগলা শুকরের জাত কুত্তার বাচ্চা বেজন্মা বেশ্যা লুইচ্চা কৃষ্ণ ১৩০০০ মতান্তরে ১৬০০০ টা বিয়ে করছিলো!! এত্তগুলা বিয়ে করেও তার খায়েস মেটেনি তাই সে তার বিশাল লম্বা পুরুষাঙ্গ নিয়ে, নিজের মামী ও রাধিকার দিকেও বাড়িয়েছিল। কত বড় লুইচ্চা সে! রাধিকা ধর্ষণের সেই ঘটনাকে স্মরন করেই আজ গাওয়া হয় ""কৃষ্ণ আইলা রাধার কুঞ্জে"".",2,ReAG
"পিতার কামোদ্দীপনা থেকে বাঁচার জন্য স্বরস্বতী ভূমির চারিদিকে পালিয়ে বেড়ালেন,কিন্তু বাবার হাতে ধরা পড়লেন😱😂কিন্তু শেষে স্বরস্বতী তার বাবা ব্রহ্মার কাছে আত্মসমর্পণ করলেন(oh no😱) অতঃপর ব্রহ্মা এবং তার কন্যা স্বরস্বতী স্বামী-স্ত্রীর ন্যায় ১০০ বছর সহবাস করলেন🤣🤣😂😂 তারা স্বয়ংভূমারু নামে এক পুত্র এবং শতরূপা নামে এক কন্যার জন্ম দেন🤣 অতঃপর তারাও দুজন দুজনের সাথে সহবাস করে এবং তাদের মিলনের ফলে ব্রহ্মা দুজন দৌহিত্র ও দুজন দৌহিত্রা লাভ করেন। (মৎস্য পুরাণ ৩ঃ৩২; ভগবত পুরাণ ৩ঃ১২-২৮)ভেবে দেখুন আমাদের হিন্দুদের ধর্মের দেবতা/ ভগবান/­অবতাররাই যদি এমন চরিত্রের হয়, তাহলে আমরা হিন্দুরা নিজে ভাল হবে কেমন করে?",2,ReAG
উনি মসলিম দের সরবশান কারি ঐ জাকির ভণ্ডছাড়া কিছু না,1,ReAG
হিন্দুরা অন্য ধর্মের প্রতি চরম বিদ্বেষী হয়।তারা অন্য ধর্মের উপর মিথ্যাচার করে,1,ReAG
ওর লেকচার শুনতে আসছ কেন এখানে? গো মূত্র খোর দের লেকচার শুন শালা হিন্দুরা,2,ReAG
তোরা মুসলিমরা নিজেদের ঢোল নিজে পিটাচ।এটাই তোদের স্বভাব।বাকী ধর্মের মানুষগুলো এরকম করেনা।তোরা পুরাই উগ্রপন্থি।বাকী ধর্মের মানুষগুলো মাতামাতি করেনা।কত শান্তিতে দেখ আছে হিন্দু বৌদ্ধ ধর্মের মানুষগুলো।,1,ReAG
জাকির নায়েক ইহুদী বৌদ্ধ তথা বিধর্মীদের এজেন্ট। তার কথা শুনা জায়েজ নেই। তাকে রাজারবাগ শরীফের পীর সাহেব কিবলার মুরিদ করাতে হবে,1,ReAG
এ খানকির পোলা.....পবিত্র কোরআন শরীফের কোথায় আছে শুধু শুধু মানুষ হত্যা করার কথা.খানকির পোলা বের করে দেখা,1,ReAG
"দুনিয়াতে মুমিনরা খুব কষ্ট করে তাদের নেশা আটকায় রাখসে; জান্নাতে গিয়ে ১,২ টা দিয়ে হবেনা ; তাদের ৭০ তা সেক্স পার্টনার লাগবে ; কেমন আজিব কথা । সেক্স যদি এতই পবিত্র জিনিস হয় তাহলে দুনিয়া তে এত বাধা কেন ?",1,ReAG
"হুর আছে বলেই আমি আপনি, জাকির নায়েক সব ইসলামে আছি | হুর না থাকলে কেউ আর ইসলামে থাকবে না",1,ReAG
তোদের হিন্দু ধর্মে কত নোংরা জাত গরুর গু মুত খা তাহলে তোদের মাথা ঠিক থাকবে শালা নোংরা ধর্ম কোথাকার,2,ReAG
আমরা গরুর মুত পান করি তোরা উটের মুত খাস সেটা স্বীকার করিস না কেন মূর্খের দল সালা মুসলমান,1,ReAG
বোকাচোদা তো ব্যাটা তুই তোর কথায় বোঝা যাচ্ছে তুই মরে মনে আর জন্ম নিয়েছিস তোর কথায় বোঝা যাচ্ছে তুই মরে তর আল্লাহর সাথে কথা বলে মনে হয় এসেছিস,1,ReAG
আপনার ইসলামে ধর্মে হিংসা ছাড়া কিছু নেই সেই কারণে আপনাদের হুজুররা হিংসা চারা কিচু শেখায় না যেমন আপনি শিখিয়েছেন আর আমার ধর্ম সমস্ত কিছুর প্রশংসা করার অধিকার দিয়েছে সনাতন ধর্মই একমাত্র ধর্ম জামি,1,ReAG
পৃথিবীর সবচেয়ে দূর্বল ধর্ম হল ইসলাম।কারন ইসলাম হল অমানবিক গনতন্ত্র বিরোধী এরা উগ্রবাদী যদি বলা হয় কোন ধর্ম সবাইর আগে ধবংস হবে তাহলে বলা যায় ইসলাম।,2,ReAG
"বাহ, বাইবেল পড়ছেন আর জঙ্গিবাদী আয়াত পাননি?",1,ReAG
ইসলাম মানে জংগী বাদী সংগঠন মাত্র । ওটা কোনো ধর্ম নয় ❓,1,ReAG
। ঠিকই বলেন ইসলামে মেয়েদের বোরখা পরা একদম বাজে নিয়ম। মহম্মদ বানাইছে ওসব কি? মেয়েদের বোরখা পরতে হবে কেন? ছিঃ একদম ভালো লাগেনা,1,ReAG
নাস্তিকরা যেভাবে ইসলামের পেছনে লেগেছে!,1,ReAG
"সনাতন ধর্ম জঙ্গিবাদ সমর্থন করে না। তাহলে এটা কি যজুর্বেদ, (২৯;৩৯) এ বলা আছে, ""সামরিক শক্তি দিয়ে আমরা পৃথিবীকে জয় করি, যুদ্ধাস্ত্র দিয়ে শত্রুদের দমিয়ে রাখি, তীরধনুক দিয়ে সকল ধর্মকে বিনাশ করি""",1,ReAG
"সনাতন ধর্ম জঙ্গিবাদ সমর্থন করে না। তাহলে এটা কি যজুর্বেদ, (৬:১-৬) এর প্রার্থনায় বলা আছে ""হে ঈশ্বর, যেভাবে আমরা বিধর্মীদের কল্লাকাটি, সেভাবে তুমি তাদের বিনাশ কর..",1,ReAG
"সনাতন ধর্ম জঙ্গিবাদ সমর্থন করে না। তাহলে এটা কি শেতাশত্র উপনিশদের (৬/১২) তে বলা আছে, "" বিধর্মীরা আমাদের শত্রু, তাদেরেকে এক কোপে বলি দিয়ে আমরা সকল পাপ থেকে মুক্তি পাব""",1,ReAG
আপনাদের ঈশ্বর মিথ্যা বলল কেন? মানে গীতাতে এসব লেখা আছে আর বেদে এর উল্টোটা লেখা আছে। এত্ত গড়মিল কেন??,1,ReAG
বেদ গীতাই একটিও ভূল নেই কিন্তু কুরআনে প্রতিটা আয়াত মিথ্যা ছারা সত্য নয়,2,ReAG
কুত্তার বাচ্চা তোকে আমি বলেছি পুরান থেকে কিছু না দিতে। কারন পুরান লিখিত হয়েছে মাত্র কয়েক শতক আগে। আর তখন বিজ্ঞান সবকিছু আবিষ্কার করে ফেলেছে। তুই শুধুমাত্র বেদ থেকে রেফারেন্স দিবি। কোন পুরানের পরোয়া করিনা।,2,ReAG
"এই ভোদাই, সঠিক পুরাণগুলো কখন লিখা হয় বল তো দেহি???",1,ReAG
বিষ্ণুপুরানে ব্লাক হোলের কথা লেখা আছে?? সালা বাইঞ্চোদ....,1,ReAG
সালা পালাবো কেনো তোর জেমন গ্যান তোর কালপনিক র্ধমের আল্লাহর তেমন গ্যান তোর আল্লাহ সাধারণ মানুষদের গালি দিয়েছে মুসরিক মুনাফেক কাফের বলে আরে সালা তোর আল্লাহ কেমন বেয়ানচোদরে জে মানুষ দের গালি দেই,2,ReAG
কিরে ক্যালানে ইসলাম মিথ্যা প্রমাণ কলেই দিএছি তোর কালপনিক র্ধম নাকী সঠিক তাল প্রমান দে ভযে বীবীর আঁচলের তলাই লুকাইয়া গেলি ক্যন,2,ReAG
তালাক মারা মাগীর ছেলে নাস্তিক তোর মাকে চুদি সালা তুই হেরেছিস সালা একটাও কথা তোর ইসলাম গ্রন্থ থেকে কিছু বলতে পারিস নি তোর র্ধম একটা কালপনিক14দিনের এই 14দিনের মিথ্যা কলপ কোনোদীন র্ধম হতেপারেনা,2,ReAG
তোর মা ছিলো তালাক মারা তোর নবির মাও তাই সালা পৃথিবীর কেন্দ্র নিএ জে মিথ্যা কথা প্রচলিত আছে সেটা কি করবি আমিন শব্দ জে খ্রিস্টানদের থেকে ধার নেওয়া সেটা কি করবি,1,ReAG
সালা শুকরের দল তোদের ভিতরে আমরা এইসব সংখ্যা ঢুকিএ দেবোকেনো তরাই এগুলো করেছিস আমাদের ভগবান কে সরনে রাখার জন্য আর ভেবেছিলিস হিন্দুরা বুঝতে জানো না পারে আর জখন সবাই বুঝেগেছে তখন এটা হিন্দুদের কাজ হয়েগেলো সালা মিথ্যা র্ধমের অনুশারি,2,ReAG
"কুকুরের জাতভাই শোন,, পারলে আমার যুক্তিগুলো ভেঙে দেখা। আর তোর লুইচ্চা খানকির ছেলে শ্রীকৃষ্ণকে কেন স্মরণ করব? এটা ভাবাটাও বোকামি। বরং এটা তোদেরই কাজ। আর আমি তোদের মত কুকুরের জাতের সাথে আর একটি কথাও বলব না। খোমোখা আর আমাকে কমেন্ট করে বিরক্ত করবি না, খানকির ছেলে",2,ReAG
এই মা চোদা সত্য তুলে ধরছিতো ফাটছে খুব তোর আল্লাহ একটা খানকির ছেলে তোর জারজ নবি খানকির ছেলে তোর আল্লাহর তো কালো ভোদা আছে জেটা এখন পাথরে পরিনতো হয়েছে,2,ReAG
"এই কুকুরের জাত  মুসলমান তুই কি মনে করেছিস, তোদের লেখা পোস্ট আমি আর আদৌউ পড়ব? তোর সাথে আদৌউ আর আলোচনা করব? কুকুরের পেটে যে ঘি ভাত সহ্য হয় না সেটা তোকে না দেখলে বুঝতাম না।",1,ReAG
ইসলাম মিথ্যা র্ধম কালপনিক র্ধম সূরা ইখলাস মিথ্যা পৃথিবীর সুরুথেকেই সনাতন র্ধম ছিলো এবং সনাতনী রিতী নিতী সারা পৃথিবীর লোক মেনে চলতো রাম রাম সত্য হ্যা,2,ReAG
তাহলে আল্লাহর কোন রঙ লাগছে যে হিন্দুধর্মের লোক তিনি বানিয়েছেন?  আমিও একজন মুসলিম।,2,ReAG
পুকটি মারা ভোগোবান,2,ReAG
যে দেশে মুসলিম জনসংখ্যা বেশি সেখানেই সংখ্যালঘু নির্যাতন হবেই,2,ReAG
হিন্দুরা তোমরা নিজে নিজে পুটকি মারা মারি কর।,2,ReAG
ছাই আল্লাহ হে ভগবান হিন্দু ধর্ম ভালো ইসলাম ধর্ম ছাই ধর্ম,1,ReAG
"ভিডিওতে তো হালকা মারধর করে  হিন্দুরা বাস্তবে মুসলমানদের প্রাণে মেরে ফেলে, , হিন্দুরা হচ্ছে নারকাটা লোক 😡",1,ReAG
ইসলাম পুরোটাই নাটক। মুহাম্মদের বানানো নাটক। এ নাটক তারই উৎকৃষ্ট প্রমাণ।,1,ReAG
জংগি মুসলিম,1,ReAG
মুসলিমরাই বেশি উগ্র হয় এবং হিন্দুদের উপর বেশি অত্যাচার করে ।,2,ReAG
চরিত্র ছিরা লুইচ্চা ধর্ষক কৃশ্ন,1,ReAG
হিন্দু কোনোদিন মুসলিমদের সাথে চলতে পারবে না,2,ReAG
আপনার মুসলিম ধর্ম টা খুব অত্যাচারী ধর্ম।,1,ReAG
"বোকা , গরীব হিন্দু সম্প্রদায়ের লোকদের টার্গেট করে ধর্মান্তরিত করাই ইসলাম অনুসারী দের কাজ।",1,ReAG
"তোরা কোন দিন ই হিন্দু ছিলিস না, তোদের কজাই হল অন্য ধর্মের প্রতি ঘৃণা করা",1,ReAG
জাকির নায়েক ধর্ম ব্যবসায়ী। তার ওয়াজ নছীহত শুনা জায়েজ নাই।,1,ReAG
জাকির নায়েক ভারতীয় হীন্দু গোয়েন্দা সংস্থা 'র' এর এজেন্ট। তার ওয়াজ নছীহত শুনা জায়েজ নাই।,1,ReAG
গরুর মূত্র খাওয়া হিন্দু জনগণের আবার বড় বড় কথা,1,ReAG
জাকির নায়েক এর মাধ্যমে কত অমুসলিম মুসলিম হয়েছে হিসাব নেই। আর তার নামে যারা খারাপ কথা বলে তারা রামছাগল ছাড়া কিছুই না।,1,ReAG
কান ফাটামু তোগর যারা আমার রাসুলকে গালি দিবি,2,ReAG
সবচেয়ে বেশি এন্টারটেইমেন্ট।দেয় হিন্দুরা।মাটি দিয়ে মূর্তি বানিয়ে মা মা ভ্যা ভ্যা করে।লিঙ্গ পূজা যোনী পূজা করে,1,ReAG
গো মূত্রকে করোনার ভ্যাক্সিন মনে করে।পৃথিবীতে সনাতন ধর্ম আছে বলেই এতো বিনোদন ।সোনাতন মানেই বিনোদন আর বিনোদন,1,ReAG
আপনাদের মতো মুশরিকদের বিতাড়িত করার যুদ্ধ।,2,ReAG
পাদের চেয়ে বেশি দুর্গন্ধযুক্ত তোমার নবী,2,ReAG
"শকুনে চোখে সারাক্ষন ভাগাড় ই দেখে, তোরা সারাক্ষন গোমূত্র খাস দেখে ভাবস যে সবাই খায়, শালা তোরা রিয়েল অটিস্টিক।",1,ReAG
"আমরা তো গরু খাই, তোরা তো গরুর মূত্র খাস, দুইটার মধ্যে বহুত তফাত আছে রে নেকটির জাত",1,ReAG
ইসলাম মানে কোন বাল দম তাকলে আসিফ মহিউদ্দিন এর লাইভে এড হয়ে জবাব দিতে পারে না মুসলিম বা জাকির নায়কের দম তাকলে আসিফ ভাই আলোচনা করে প্রথম প্রমাণ দে না কেন?,1,ReAG
মোহাম্মদ (সাঃ) এর বংশধর সৌদি থেকে বাংলাদেশে চলে আসছে। পৃথিবীতে আর কোন দেশ নেই। যতো পীর সব বাংলাদেশেই আসে? আপনাদের মতো মানুষের জন্য ইসলাম ধর্ম নিয়ে বাজে মন্তব্য করার সুযোগ অন্য ধর্মের মানুষ পায় বুঝলেন? আপনি কতো টুকু হাদিস আমাকে শিখাবেন? আমি আপনার থেকেই হাদিস শিখবো। খুব বক বক করতে পারেন। জাকির নায়েক আর মিজানূর রহমান আজহারীর কাছে গেলে সবাই তেতুলের বিচির মতো চেপ্টা হয়ে যায়। আর পরে বলেন ওরা কিছু জানেনা। ওরা ইহুদির দালাল এজেন্ট।,1,ReAG
মগজে ভয় আর লুভ দেখিয়ে ইসলাম টিকতে পারবে না গুজামিল দিয়ে,1,ReAG
আল্লার পোঁদ মারি,2,ReAG
"না বে, তবে একবার একটা কুত্তায় গাধাকে চুদেছিলো, আর ঐ গাধাটার পেট থেকে একটা শুয়োর পয়দা হয়েছিল, সেই শুয়োরটার নাম রাখা হয়েছিল মোহাম্মদ",2,ReAG
"শুয়োরটা একবার হাগু খেতে গিয়ে গুয়ের মধ্যে একটা কৃমিপোকা খুঁজে পায়, সেই কৃমিপোকাটার নাম রাখা হয়েছিল আল্লা",2,ReAG
"কিছু মনে করো না, কিন্তূ মুসলিম পশুদের নামটা থেকেই কিরকম দুর্গন্ধ বেরোয়",1,ReAG
"তোমার পিশলাম কোনো ভালো জিনিস নয় যে তাকে নিয়ে কোনো ভালো মন্তব্য করতে হবে, যে ধরণের নোংরা মানসিক রোগ তোমার পিশলাম তার তুলনায় অনেক ভালো মন্তব্য আমি করেছি দ্বিতীয়ত, মসজিদের মতো নোংরা জিহাদি তৈরী করার আস্তানা পৃথিবীতে থাকাই উচিত নয়, পৃথিবীর প্রত্যেকটি মসজিদকে পাবলিক টয়লেটে পরিণত করা উচিৎ",2,ReAG
"মুসলিম পশুদের যে বেঁচে থাকতে দেওয়া হয় ইন্ডিয়াতে সেটুকুই যথেষ্ট, কারণ জিহাদি পশুদের বেঁচে থাকার কোনো অধিকার নেই.",2,ReAG
"তোমার নবীকে কোনোদিন হাতের নাগালে পেলাম না এটাই সবচেয়ে বড়ো দুঃখ আমার, পেলে জুতিয়ে মুখ লম্বা করে দিতাম জানোয়ারটার",2,ReAG
"তোমরা মুসলিম জঙ্গিরা তোমাদের যথাসাধ্য চেষ্টা করেই চলেছো দুনিয়ার ধ্বংস করার, কিন্তূ দুনিয়া ধ্বংস করার জন্য শক্তির প্রয়োজন আছে, আর তোমরা মুসলিমরা শক্তি বলতে আজও বোঝো উটের পিঠে চেপে ডাকাতি করা",2,ReAG
আমাদের মেয়েদের দিকে তাকালে তোমার নবীর যৌনাঙ্গ কেটে তন্দুরে সেঁকে তন্দুরি নুনু বানিয়ে কুকুরকে খাইয়ে দিতাম.,2,ReAG
"একটা কথা পরিষ্কার হোলো তোমার সাথে কথা বলে, মস্তিষ্কের দোষ না থাকলে কেউ মুসলিম হয়না.",1,ReAG
"তোমার কুরান পায়খানা করে পোঙা পোছার জন্যে বেস্ট, আর তোমার ঐ কুরান জোকস টা ছিলো প্রাণ খুলে হাসার জন্যে বেস্ট, হাসতে হাসতে পেটে ব্যাথা হয়ে গেলো, কুরান মার্কা সাইন্স, সোনার পাথরবাটি",2,ReAG
"তোমার নবী নয় বছরের আয়েশাকে ষাট বছর বয়েসে ধর্ষণ করে ধর্ষণের প্রতিবাদ করেছিল, নিজের পুত্রবধূ কে ধর্ষণ করে, যৌনদাসী রেখে উনি ধর্ষণের প্রতিবাদ করতেন, এই নরাধম বরাহকে তোমরা বলো শ্রেষ্ট মানুষ, তাই দুনিয়া মোল্লাদের পশু বলে. তোমাদের নবী ছিলো বরাহ, হাগু খেতে গিয়ে গুয়ের মধ্যে আল্লা নামের কৃমিপোকাটাকে খুঁজে পেয়েছিলো",2,ReAG
"আমাদের ধর্মের ভাগের কথা এলো কোথা থেকে, আমি কি বলেছি যে আমরা দ্বিতীয় বৃহত্তম?? আর তোমাদেরই ঐ নবী জানোয়ারটা মনে হয় আয়েশাকে ধর্ষণ করেই ধর্ষণের প্রতিবাদ করেছিলেন তোমরা নিজেরাই মানুষের পর্যায়ে পড়োনা, তোমরা আবার কে শ্রেষ্ঠ মানুষ তার বিচারের অধিকার কিকরে পেলে, যেটাকে তোমরা মুসলিম পশুরা শ্রেষ্ঠ মানুষ বলো ওটাকে মানুষের সমাজে নিকৃষ্ট নরাধম কীট বলা হয় এবং ঐ নামে কুকুর পোষা হয়",2,ReAG
"জাকির নায়েক আসলে এক হিন্দু । গোমর ফাঁস হচ্ছে । জাকির পালিয়ে যায় নি, নরেন্দ্র মোদী ওকে কৌশলে গোপনে পাঠিয়ে দিয়েছে মালয়েশিয়ায় ।",1,ReAG
হিন্দুরএজেন্ট দের জবাই করা ছাড়া আর কোন পথ নেই।,2,ReAG
"মূর্তি পূজকরা,মূর্তির মতই অসাড়।",1,ReAG
"উঁটমূত্র খেয়ে দিবাস্বপ্ন দেখছিস নাকি? ভারত হিন্দু মেজরিটি আছে, থাকবে,,",1,ReAG
চামার। ।মুসলমান,1,ReAG
ভাই হিন্দুদের কথা কি বলব তাদের ভগবানরে গাঁজা খাওয়ায় ওরা তো গাছের পূজা মাছের পূজা সাপের পূজা করে ওদেরকে মানুষ হিসাবে গ্রহণ করায় মানুষের জন্য কঠিন,2,ReAG
রাম কেলানি খাবি তোরা জঙ্গী ইসলাম সমর্থনকারী,2,ReAG
ল জয় শ্রীরাম চোদনা বাবা মুসলিমদের কেলাবো জোর করে জয় শ্রীরাম বলাবো হাহাহা,2,ReAG
"তোদের নবী ছিল একটা পাকা জঙ্গী । শুধু তাই নয় । সে ছিল একজন ধর্ষক, খুনি ও ডাকাত ।",2,ReAG
"কুকুরের যেমন মুগুর প্রয়োজন, না হলে সোজা হয়না, ইসলাম সমর্থনকারী জীবেরা তেমনই একমাত্র জুতাতে ই সোজা হতে পারে",2,ReAG
যতদিন পৃথিবীতে কোরআন আছে ততদিন পৃথিবীতে শান্তি নেই,2,ReAG
আর হিন্দু বলে তো কোন ধর্মই নাই।,2,ReAG
রামের ছাগল জয় শ্রীরাম জয় জয় শ্রীরাম চোদনা বাবা,2,ReAG
পুরা পিথিবীর জন্য ইসলাম ডেঞ্জারেস,2,ReAG
ইসলাম ধর্ম একটি মানসিক অসুস্থতা দেরি না করে এর সুচিকিৎসা দরকার।,1,ReAG
না না আমরা হিন্দু ধর্ম গ্রহণ করবো একটা বিয়ে করবে আর পাঁচ ভাই মিলে চোদাচূদি করবে তুলসী গাছের ইতিহাস পড়লেই বুঝতে পারবেন লিঙ্গ পূজা ছাড়া এদের ধর্মে কিছুই নেই,1,ReAG
এরা আবার বড় বড় লেকচার দেয় বড় বেজন্মারা হরেকৃষ্ণ হরেকৃষ্ণ কৃষ্ণ কৃষ্ণ হরে হরে হরে রাম হরে রাম রাম রাম হরে হরে আমি একজন হিন্দু কিন্তু এদের মতন বেজন্মা হিন্দু না,2,ReAG
ধোন কাঁটা হলো একটা উপকার. যাদের ধোন উচু কোটির বড়ো জাঙ্গিয়া তে ধরেনা তাঁদের মুসলিম ধোন কেটে দাও.. জয় বিষ্ণুমাতা. ..,2,ReAG
এক দম বাজে ধর্ম হল মুশলমান,1,ReAG
এরা ইসলাম সম্পর্কে কি বুঝবে এরা ত মা কালীর যোনি পূজা করেR,2,ReAG
ইসলাম পৃথিবীর নিকৃষ্টধর্ম,2,ReAG
হিন্দু মানে জয় শ্রীরাম জয় শ্রীরাম মানে আতংবাদি জঙ্গি,1,ReAG
"মুসলমান ধর্ম সয়তানের ধর্ম , হিংসার ধর্ম , চোরের ধর্ম হবার প্রমাণ দেয় এখন । কারণ ছোটো বেলা থেকেই মুসলিমরা মাদ্রাসাতে হিন্দু বিরোধী শিক্ষা দেওয়া হয় ।",2,ReAG
তোমাদের হিন্দু ধর্ম যদি এতই ভাল হয় তা হলে কেউ হিন্দু ধর্ম গ্রহন করছে না কেন,1,ReAG
ভাই আপনি ভারত এর রেপ করার জরিপ দেখুন।হিন্দু রাই বেসি করসে।।।😂😂,1,ReAG
নোংরা কোরআনের নোংরা বানী ভালোলাগেনা,2,ReAG
হিন্দু সবাই এক হও আর নয় রুখে দাড়াও জালিমদের হত্যা কর অসুরদের বিনাশ করে হত্যা করো,2,ReAG
এল্লা নিজেকেই রক্ষা করতে পারেনা–ঐ গান্ডু করবে ইছলাম রক্ষা !😀😀 এল্লার বাচ্ছারাই ওর ঘর মজ্জিদে ঢুকে বোমা মেরে এল্লার সাথেসাথে এল্লার এন্ডিগেন্ডিদেরকেও জাহান্নামে পাঠাচ্ছে।,2,ReAG
মুহাম্মদ আসার পর থেকে এখন পর্যন্ত মিথ্যা চার বেশি হচ্ছে।,2,ReAG
সব মন্দির ভেঙে দেওয়া উচিৎ,2,ReAG
মুচুমান মানে জঙ্গি এটা গোটা পৃথিবী জানে।,2,ReAG
মুসলিমরা কেনো বুঝেনা ইসলাম কোনো ধর্ম না।এটা মানুসের মানবতা কেড়ে নেয় । জান্নাতের লোভে পরে তারা খুনি হয়ে যায়,2,ReAG
"নবীজী নিজেই খুনি ছিল শে মানুষ হত্যা করেছে তার অনুসারীরা তার মতই খুনি তার মতই হিংস্র তারা বলে ইসলাম শান্তির ধর্ম একমাত্র ইসলামে পারে আই এস, জঙ্গি,জিহাদ লাভ জিহাদ, সন্ত্রাস তৈরি করতে",2,ReAG
মন্দির মানেই ত অপবিত্র,2,ReAG
"তোর ভাষা দেখ হারামজাদা তুই আমাদের নবিকে যেই ভাষায় সম্বোধন করবি, আমিও তোকে সেভাবেই সম্বোধন করব। ওই যে বলে না সম্মান দিলে সম্মান পাওয়া যায়। এখন ভেবে দেখ কোনটা করবি।",1,ReAG
জাকির নায়েক নামি কুত্তার বাচ্চার বক্তব্য কেউ শুনবেন না,2,ReAG
"হরে হরে হরে দুর্গার ভোদার ভিতরে ভাঘের ধোন ভরে,,",2,ReAG
চুদানির পোলা তুই হিন্দু এটা ঠিক,2,ReAG
"তোর ভোদা কি গণেস চোদে,,, মাগি,,, হতে মূর্তি বানাও,, আবার খোদা কও",2,ReAG
তর বইনের পুন্দের দাম কত তরা তদের বুনকে চুদানির লাগি ইসলাম পালন করিস,2,ReAG
"আরে খানকি মাগী তোরা তো নিজের মা, খালা, মাসি, পিসি, বোন, বৌদি কাউকে বাদ রাখিস না চুদতে, আর তোদের মহিলারাও চরম মাগীবাজ। তোদের পূর্বপুরুষ আর মহিলারা ব্রিটিশদের সেবা করত, আর সে জন্য তোরা হয়েছিস। তোদের মহিলারা তো বাড়া পেলে আর ছাড়ে না। পুরো চুষে ছাড়ে",2,ReAG
"ওরে বাইনচুদ এর বাচ্চা,, কনডম এর ফাটা বাচ্চা",2,ReAG
ওমম দুর্গার গুদে গেঙ্কিদেস।।। ওমম চুদে চুদে মহাভারত।।। ওমম কালি মাগির গুদে পাঠা লিঙ্গ গন্ধং।।। ওমম চোদে কৃশ্ন টুং টাং পটাশ।।। ওমম স্বরসতীর হাতে চটি বই আশ্রয়কেন্দ্র।।। ওমম সীতাকে পাট ক্ষেতে নাগিন🐍ড‍্যান্স।।। ওমম শিব লিঙ্গে মালু নারী কামাসুত্র।।। ওমম কৃশ্নের ধোনে বিষ ফোড়া চুলকুনি।।। ওমম ব্রম্মার অন্ডে রাডার গোলযোগ।।। ওমম লক্ষীর চ‍্যাপ্টা নুনুতে নির্মল তারারারা।।। ওমম রামের পাছাই কুত্তার নুনু প্রণাম।।। ওমম শান্তি ওমম শান্তি ওমমমমম🙏,2,ReAG
টানিয়া পাজামার ফিতা। ধন মাের চুষে দেনা সীতা। রাম কয় মাদারচোদ। আমার বউয়ের কে মারিস গুদ। আমি কই ভাই আমি লক্ষণ। তােমার বউয়ের দুধ করিতেছি ভক্ষণ । সীতা কয় যদিও মাের স্বামী রাম। কিন্তু রাবণের চুদায় বেশি আরাম। রাম কয় সীতা মাগী রাবণের চুদা খেয়ে স্বামীরে গেলি ভূলে। আমি আর লক্ষণ তরে চুদতাম কোলে তুলে। সীতা কয় রাম তুই আস্ত খানকীর পােলা। রাবণ রাজের চুদা কি যায় সহজে ভোলা। রাম কয় সীতা মাগী আর করিনসা পাপ। স্বামী ভক্তি ভূলে গিয়ে রাবণের খাচ্ছিস ঠাপ।,2,ReAG
"আরে বাইনচুদ এর বাচ্চা রে,,  তোর মতো পুলা আমার লুংগি চাপ দিলে তিন চারটার বাবা হব,,আর তুই আমাদের আমাদের নবীকে গালি দেছ,,",2,ReAG
শাওয়ার পোলা তোর বগবানরে চুদে মূর্তি ভেঙে দিব শালা বাইনচুদ।,2,ReAG
তোদের মন্দির এ গিয়ে এ মাত্র হাগো করে আসলাম।শাওয়ার পোলা।,2,ReAG
ইসলাম মানেই জেহাদি।,2,ReAG
হিনদুরা শনতারশ,2,ReAG
"মহম্মদ ধর্ষক,খুনি ।",2,ReAG
মুসলিম সব্দের মানেই হল terrorist বা আতঙ্কবাদী. . . যারা কিনা সারা পৃথিবীর ধংশ লীলায় মত্ত,2,ReAG
মুসলিম নামক এই বিষাক্ত প্রনিটিকে দুনিয়া থেকে নিশ্চিন্ন করে ফেলাই বান্ছনীয়.,2,ReAG
"তরা যারা হিন্দু আছ বাংলা ভাষা কথা বলছ তদের হাত জিহবা কেটে দেয়ার দরকার ,",2,ReAG
"দাদা আসল জঙ্গি তো হলো মুসলিম রাই ,1% মুসলিম ভালো বললেও কম হবে মনে হয় ।",1,ReAG
ইসলাম হচ্ছে মানব জাতির জন্য ক্যান্সার।,2,ReAG
মুসলিমদের হাত থেকে ভারতকে বাচাতে দেশকে এখনই হিন্দুস্তান করতে হবে।,2,ReAG
"কোনো পার্থক্য নেই। সব মুসলিম এক একটি সন্ত্রাসী। ওরা সন্ত্রাস কে ভালোবাসে। কারণ ওরা জবাই করে!তাই ওরা জবাই কে ভালোবাসে! ওরা নিজেদের মা বাপ কেও জবাই করতে পিছ পা হবে না, যদি এতে ওদের কোনো স্বার্থ সিদ্ধি হয়। নিপাত যাক ইসলামের মুসলীম।।।",2,ReAG
"মুসলমানরা জঙ্গি নয়, তোরা হিন্দুরাই জঙ্গি, জা কাশ্মির উপর হামলা করে প্রমান করে দিলি।",2,ReAG
সমস্ত জঙ্গি ই মুসলমান।,2,ReAG
BJP সমরথক সকল হিন্দুই জঙ্গী। বিস্বাস না হলে গু গুগুল সার্চ করে দেখুন ।,1,ReAG
"বালের শ্রেষ্ঠ ধর্ম,, মাদার চুদ,, মানুষের ধর্ম নিয়ে গালাগালি করছ, তদের শ্রেষ্ঠত্ব তো কুকুরের প্রস্রাব হিন্দু ধর্ম",2,ReAG
মুসলিম হলো কুতা,2,ReAG
যারা নিজের বিবেক বুদ্ধি হারিয়েছে তাঁরাই মূর্তি পূজা করে,1,ReAG
হিন্দু ধর্মের গোড়াতেই মারাত্মক ভুল!!,1,ReAG
হিন্দুদের ভগবান বা ঈশ্বর বা সৃষ্টিকর্তার বউ লাগে কেন?,1,ReAG
ইসলাম হচ্ছে জঘন্য একটা মতবাদ যা মানবজাতির ইতিহাসে চিরবর্জনীয় হবেই।,2,ReAG
আসলে ইসলাম হচ্ছে COPY PASTE ধর্ম। নকল ইসলাম মহাকালের সামনে পরাজিত।,2,ReAG
"আল্লাহ তো খুব ভয়ংকর, তিনি মারতে কাটতে বলছেন ঈশ্বর দয়া করতে বলছেন তাহলে দুজন এক হলো কি করে?",1,ReAG
আল্লাহ ও কোরান মুহাম্মদ এর দ্বারা সৃষ্টি।,2,ReAG
"কৃষ্ণ কিছুই করেন নাই, হাজার হাজার মহিলার দেহ উপভোগ করেছেন মাএ।মামীও[রাধা] রক্ষা পাষ়নি।",1,ReAG
"ইসলাম একটা ধর্ম হলো,, সালারা নিজের মেয়ে বিবাহ করে..! ভাতিজিকে বিয়ে করে.. ভাগনি কে বিবাহ করে .. সব জায়েজ",2,ReAG
"ধর্ষণ, পরকীয়া সব কিছুই তো তোদের ধর্মে বৈধ তারপরে ও দোষ টা মুসলিমদের ঘাড়ে দিতে লজ্জা করেনা খানকির ছেলে?",2,ReAG
মুসলিম ভয়ংকর প্রাণী,1,ReAG
"কোরআন পড়ে কেউ বিজ্ঞানী হয়নি, তবে অনেকেই জঙ্গী হইছে",1,ReAG
জরত মহম্মদ কটা বিয়ে করে ছিলো? তাদের বয়স কত থেকে কত বল? বেশি বয়সের খাদিজা থেকে ছয় বছরের জয়বন! শিশু ধর্ষক।,2,ReAG
"ইসলাম ধর্ম গ্রহন করেছে যারা তারা মূর্খ। সবচেয়ে ননৃশংস ধর্ম ইসলাম। রেপ, খুনাখুনি, মূর্খতা, উগ্রতা সব এক ধর্মে তার নাম ইসলাম।",2,ReAG
"তোদের হিন্দু দেশ ভারতে সবচেয়ে বেশি রেপ, খুনাখুনি,খারাপ কাজ হয়।",1,ReAG
নোংরা। তোদের হিন্দু ধর্ম পরিষ্কার হলে ভারত ও পরিষ্কার হত।,1,ReAG
"যারা পথভষ্ট হয় ,তারা মুসলীম হয়।",1,ReAG
"হিন্দুরা একটু ভালো করে নজর দিন অতীতে যে রাক্ষস বংশের উল্লেখ পাওয়া যায় সেটি হলো মুসলিম ধর্ম , হযরত মোহাম্মদ জীবন যাপন লক্ষ করুন",2,ReAG
রাক্ষস ধর্ম সম্পর্কে জানতে পারলে বুঝতে পারবেন শয়তানের রুপী ইসলাম ও নবী সাল্লাল্লাহু,2,ReAG
ইসলাম মানব জাতির জন্য আভিশাপ😥,2,ReAG
সারা বিশ্বে সবচেয়ে নোংরা ধৰ্ম হচ্ছে ইসলাম ধর্ম।,2,ReAG
মোহাম্মদ ছিল একটা নারী ধর্ষক।,2,ReAG
মোহাম্মদ নিজেই জয়নবকে বল পূর্বক বিবাহ এবং ধর্ষণ করিয়াছিলেন।,2,ReAG
"মোহাম্মদ নিজ মাসী খালুয়া-র সাথেও সহবাস করিয়াছিলেন। শুধু তাই নয়, খালুয়ার মৃত্যুর পরেও সেই মৃতদেহকেও ধর্ষণ করিয়াছিলেন।",2,ReAG
পাঁচ বছরের শিশু আয়েশাকে বিবাহের নাম ধর্ষণ না করে ছাড়েন নাই।,2,ReAG
"তোদের নবী, একটা শিশু মাদী উট চুদেছিল, সেটা জানিস তো?",2,ReAG
তোদের সেই মাদী উট চোদা পয়গম্বর হজরত মহম্মদ নিজ পুত্রবধূ জয়নবকে বিবাহ করেন ও ধর্ষণ করেছিলেন।,2,ReAG
"বর্ত্তমান কালে শ্বশুরকে দিয়ে ধর্ষণ করাবার জন্য নিজ স্ত্রীকে বারে বারে ""তিন তালাক"" দিতেন স্বামী। পিসলাম ধর্মে ইহা হালাল।",2,ReAG
মুসলমান মানেই পাকিস্তানী টেরোরিস্ট,2,ReAG
ভগবান শ্রীকৃষ্ণ উনি তো এমনিতেই ১৬০০ রমনীর ইজ্জত লুট করেছে তা সত্ত্বেও নিজ ভগ্নির সম্ভ্রম কেন নষ্ট করলো?,1,ReAG
এই ভারত মাতার দেশ থেকে নাইরার বাচ্চা মুসলিম জাত অনু প্রবেশ কারি কে তারাতেই হবে,2,ReAG
ইসলাম নামক ভাইরাস এর সামনে মাতৃগর্ভে র সন্তানও নিরাপদ নয়। এই ভাইরাসকে পৃথিবী থেকে দ্রুত নির্মূল করা প্রযোজন ।,2,ReAG
এই হিন্দু ধর্মটা পুরা পৃথীবিটা জালিয়ে পুডিয়ে খুডে খুডে খাচ্ছে। এদের কোন লজ্জা বলে কিছু নেই,2,ReAG
সেইজন্যই জেলখানা মুসলিম ভর্তি। অপরাধ করে সিংহভাগই মুসলিমরা। খুন ধর্ষণ করে বেশীরভাগ মুসলমানরা।,2,ReAG
ইসলাম মানবতাবিরোধী বিষাক্ত মারণ ভাইরাস । অন্য ধর্মের সাথে মিশতে পারে না । অন্য ধর্মকে আল্লার শত্রু মনে করে । অন্য ধর্মের ক্ষতি করার চেষ্টা করে ।,2,ReAG
ইসলাম ধর্মে মুসলমানরাই নিরাপদ নয়। ইসলাম দ্বারা অন্য ধর্ম ক্ষতিগ্রস্ত হয় । ইসলাম মুসলমানদেরও ক্ষতি করছে । কিন্তু ধর্মান্ধ মুসলমান সেটা উপলব্ধি করতে পারে না ।,2,ReAG
এই অভিশপ্ত ইসলাম ভাইরাস থেকে বাঁচতে পৃথিবীর সব মানুষকে একজোট হতে হবে ।,2,ReAG
ইসলাম মোটে ই আর পাঁচটা ধর্মের মতো নয় । জলজ্যান্ত বিপদ ।,2,ReAG
ইসলাম ছলে বলে কৌশলে জাল বিস্তার করছে । ইসলাম থেকে মানুষকে বাঁচাতে হবে ।,1,ReAG
ইসলাম পৃথিবীকে ১৪০০ বছর পিছনে নিয়ে যাওয়ার চেষ্টা করছে । ইসলামে শান্তি নেই । শান্তি থাকা সম্ভব নয়।,1,ReAG
এখানে কোনো মুসলিমকে থাকতে দেওয়া যাবে না । দরকার হলে হিন্দুদের অস্ত্র ধারণ করতে হবে ।,2,ReAG
উম্মতে মুহাম্মাদি নবীকে চূড়ান্ত ভাবে গনধর্ষন করবো 🕉️শিবশঙ্কর।,2,ReAG
নিজের টাকায় কোরান কিনেছি কেন জানিস? আমি পায়খানা করার পর ওই (কোরান) বইটা শুধুমাত্র আমার টয়লেট পেপারের কাজ করে।,2,ReAG
আমার অনেক মুসলিম চ্যানেল সাবস্ক্রাইব করা আছে দোস্ত শুধু মাএ তোমাদের ধর্মের বড় আব্বা নবী আর আল্লাহ কে গনধর্ষন করার জন্যে,2,ReAG
আমি তোদের ইসলাম ধর্মের চ্যানেলে গিয়ে মুসলমানদের গনচোদন দিয়ে আসি,2,ReAG
উম্মতে মুহাম্মাদি কোরানের ভূল বের করা আমার কাজ না আমি কোরান দিয়া আমার ফুটায় লেগে থাকা হাগা💩💩 মুছি তাও আমার নিজের টাকায় কেনা কিতাব।,2,ReAG
উম্মতে মুহাম্মাদি নে এইবার কাল থেকে নতুন ভিডিও ছাড়লেই আমি তোর দেওয়া একটা ইসলামীক চ্যানেলে ঢুকে আল্লা/নবীর অনুসারীদের ধর্ষণ করবো তৈরী থাকিস।,2,ReAG